product_id,product_name,category,subcategory,brand,price,original_price,discount_percent,stock,rating,review_count,sales_count,view_count,cart_add_count,wishlist_count,return_rate,seller_count,shipping_days,is_original,color,weight_grams,demand_score,popularity_score,target_sales_next_7_days
10001,Apple Inspiron 5,Laptop,Laptop,Apple,48270880,49256000,2,6,4.0,618,1051,215447,8231,1301,0.017,18,2,1,Green,2002,22.7,25.1,71
10002,Puma Plus,Fashion,Jacket,Puma,2496740,4027000,38,44,3.6,2134,6985,706389,25356,12407,0.078,15,5,1,Green,695,64.1,55.6,495
10003,Apple ThinkPad 34,Laptop,Laptop,Apple,34758000,57930000,40,546,4.3,8575,19777,1794231,89644,31881,0.021,3,5,1,Silver,1769,97.2,81.1,1968
10004,Canon Alpha,Camera,Mirrorless Camera,Canon,83438480,90694000,8,101,4.5,572,913,139307,9314,4969,0.032,15,2,1,Silver,1449,24.8,28.6,40
10005,Crucial 990 Pro 34,Digital Products,SSD,Crucial,2682030,3887000,31,566,3.9,1997,4731,321031,5937,5893,0.071,1,6,1,Blue,2836,37.8,34.0,280
10006,Secretlab Standard,Gaming,Gaming Chair,Secretlab,12883959,18947000,32,271,3.9,6524,6026,626384,26885,7492,0.009,1,5,1,Black,966,62.8,57.5,424
10007,Apple Pavilion 65,Laptop,Laptop,Apple,17733310,29071000,39,867,4.3,7547,17625,1117665,50562,15956,0.039,18,7,1,Silver,2376,93.5,78.3,1022
10008,LG Advanced,Home Appliances,Washing Machine,LG,10971020,12757000,14,4,4.1,3808,2563,483085,7437,14383,0.04,11,1,1,Blue,4026,36.3,44.8,195
10009,Springer Pro,Books,Science Book,Springer,815080,994000,18,173,4.0,6907,4390,743515,38688,29328,0.038,4,2,1,Gold,1198,57.2,66.1,170
10010,Apple VivoBook 65,Laptop,Laptop,Apple,13599080,21934000,38,480,4.5,18529,23353,1943232,54412,37357,0.06,6,4,1,Green,2186,100,98.4,1111
10011,Packt Advanced,Books,Programming Book,Packt,1229460,1983000,38,232,4.3,6240,19473,1215129,21578,26353,0.048,17,1,1,White,4924,86.5,81.7,1190
10012,Apple Premium,Mobile,Smartwatch,Apple,72695900,76522000,5,307,4.2,2212,3487,547365,29771,7309,0.041,15,3,0,White,126,43.5,50.6,209
10013,Microsoft PlayStation 5,Gaming,Game Console,Microsoft,34426740,37018000,7,283,3.9,1664,2355,331319,22898,11015,0.05,10,6,1,Gray,2216,29.6,33.1,99
10014,Nikon D,Camera,DSLR Camera,Nikon,48727139,73829000,34,267,4.5,4451,13079,1774908,88542,60395,0.046,9,2,1,Green,1448,82.7,75.2,1332
10015,Nikon EOS,Camera,DSLR Camera,Nikon,18016750,18965000,5,1146,5,4523,16566,1885800,65398,54447,0.06,14,5,1,Silver,632,87.3,83.1,978
10016,Canon Advanced,Camera,Camera Lens,Canon,36801680,49732000,26,179,3.9,1323,1691,227192,3891,4878,0.078,10,7,1,Silver,1876,27.5,26.6,77
10017,8BitDo Pro Controller,Gaming,Game Controller,8BitDo,71517900,75282000,5,20,5.0,221,279,58382,3966,834,0.064,14,5,0,White,3205,24.1,20.7,5
10018,Xiaomi Pro,Home Appliances,Vacuum Cleaner,Xiaomi,63090300,97062000,35,836,4.9,6718,13346,1307351,80586,39470,0.051,11,4,1,Gray,1621,88.7,86.5,1184
10019,Sony Xbox Wireless Controller,Gaming,Game Controller,Sony,41327820,42606000,3,695,3.9,10961,10242,1648355,64811,20570,0.02,3,3,1,Red,815,73.8,83.2,466
10020,Apple 16,Mobile,Smartphone,Apple,15790500,17545000,10,11,4.1,15424,14063,1858863,47761,54599,0.069,4,7,1,Gray,252,82.8,90.8,248
10021,Manning Standard,Books,Programming Book,Manning,4109080,4778000,14,651,4.3,20227,22188,1992877,127665,39729,0.011,16,4,1,Silver,2321,90.8,97.4,1146
10022,Microsoft Xbox Series X,Gaming,Game Console,Microsoft,31425679,46904000,33,52,3.9,573,2142,169483,4697,4963,0.006,11,5,1,Black,1744,37.0,24.7,183
10023,Nike Advanced,Fashion,Jacket,Nike,4097920,5392000,24,1117,4.8,13216,24544,1790310,99191,59071,0.075,14,4,1,Red,3362,95.6,93.4,2540
10024,Nike Pro,Fashion,Backpack,Nike,10037300,11030000,9,779,3.9,12032,10142,1818419,32305,33220,0.106,13,3,1,Green,2116,72.6,85.4,486
10025,LG Pro,Home Appliances,Refrigerator,LG,41138670,42411000,3,11,4.1,291,271,43239,920,1650,0.056,6,5,1,White,1391,20.1,16.1,4
10026,Adidas Pro,Fashion,Jacket,Adidas,8160000,10200000,20,2318,4.1,5827,13740,1315922,70198,20469,0.043,2,3,1,Red,614,82.0,74.2,1124
10027,Canon Premium,Camera,Camera Lens,Canon,41713210,54173000,23,502,4.2,10073,15602,1364608,56757,27626,0.029,3,3,1,Silver,3856,86.4,84.9,642
10028,No Starch Press Advanced,Books,Programming Book,No Starch Press,2868480,2988000,4,368,4.9,11271,12742,1250727,37765,6698,0.022,14,4,1,Silver,3950,76.1,80.8,703
10029,Bosch Premium,Home Appliances,Vacuum Cleaner,Bosch,72638720,82544000,12,646,4.7,4926,5953,892846,35674,14046,0.044,4,6,1,Gray,1619,61.6,69.7,460
10030,Sony Xbox Series X,Gaming,Game Console,Sony,32727040,34816000,6,714,4.3,1358,6300,634401,28153,9262,0.019,5,6,1,Gold,890,54.6,51.1,268
10031,Lenovo Pro,Mobile,Tablet,Lenovo,15238880,16564000,8,35,3.8,548,728,155861,9291,5956,0.037,14,5,1,Silver,4330,21.4,28.2,24
10032,Apple Plus,Mobile,Smartwatch,Apple,34232640,35659000,4,76,4.1,609,688,170762,4193,1302,0.064,16,3,1,Blue,2366,23.5,24.9,43
10033,LG Standard,Home Appliances,Air Conditioner,LG,32756780,39466000,17,3597,4.3,4947,21238,1905576,111656,49214,0.037,4,4,1,Green,2280,89.3,78.3,405
10034,GoPro HERO,Camera,Action Camera,GoPro,42166820,68011000,38,4720,4.5,18597,25925,1753632,82932,10041,0.053,2,7,1,Gold,4301,99.3,92.9,967
10035,Manning Advanced,Books,Programming Book,Manning,3367750,3545000,5,75,4.5,8598,9380,1405871,59399,39632,0.054,15,1,1,Red,999,76.8,83.0,527
10036,Pearson Plus,Books,Science Book,Pearson,4180179,4447000,6,147,4.4,11084,9425,1586876,62383,10800,0.022,15,6,1,Black,2010,74.3,78.5,159
10037,ASUS Legion 15,Laptop,Gaming Laptop,ASUS,110950320,142244000,22,306,4.2,7286,7259,1067681,43745,22407,0.025,17,6,1,White,2231,76.4,81.2,332
10038,Xiaomi Standard,Mobile,Tablet,Xiaomi,49081039,72178000,32,659,4.0,6920,10470,936977,31840,22784,0.074,7,6,1,Green,1963,79.8,73.7,433
10039,Adidas Premium,Fashion,Jacket,Adidas,1083880,1106000,2,79,4.2,12939,4927,1238198,25363,45646,0.086,3,4,1,Blue,2823,60.8,87.2,92
10040,The North Face Standard,Fashion,Jacket,The North Face,924800,1088000,15,100,4.4,4096,5104,492848,32356,19669,0.046,4,4,1,Blue,287,44.4,53.8,178
10041,Adidas Plus,Fashion,Backpack,Adidas,3334320,3368000,1,1365,3.9,12744,12271,1826783,85993,23979,0.083,1,7,1,Blue,4527,69.0,84.1,419
10042,Samsonite Premium,Fashion,Backpack,Samsonite,13775040,14349000,4,358,4.7,8503,5228,807260,16844,14811,0.123,10,1,0,Green,2298,48.8,73.6,394
10043,Springer Standard,Books,Science Book,Springer,2993420,3086000,3,40,3.9,3676,2795,399235,20462,13710,0.015,10,7,1,Red,1126,30.3,41.1,134
10044,GoPro Osmo Action,Camera,Action Camera,GoPro,83274060,134313000,38,231,3.9,5863,9846,619456,20831,5594,0.055,13,7,1,Red,789,67.0,48.8,568
10045,Cougar Advanced,Gaming,Gaming Chair,Cougar,15552810,19201000,19,618,5,7532,6339,989258,64637,12610,0.034,14,1,1,Black,2543,79.6,75.1,237
10046,Tamron Plus,Camera,Camera Lens,Tamron,95742380,116759000,18,908,4.4,12055,9965,1748881,65489,66987,0.019,15,2,1,White,3059,77.9,91.5,401
10047,ASUS Legion 27,Laptop,Gaming Laptop,ASUS,89284340,103819000,14,27,4.6,538,497,45289,2639,551,0.018,8,3,1,Black,2235,25.4,18.5,12
10048,Samsung 14,Mobile,Smartphone,Samsung,33699960,39186000,14,30,4.4,125,231,33595,600,1040,0.07,15,7,1,White,207,20.1,23.2,5
10049,Sony DualSense,Gaming,Game Controller,Sony,47446700,67781000,30,140,4.1,9925,10302,894460,17032,7001,0.012,20,6,1,Red,3170,76.1,71.6,549
10050,ASUS XPS 10,Laptop,Ultrabook,ASUS,53054619,79186000,33,681,3.9,4679,6369,868329,34683,16984,0.053,9,3,0,Gold,1374,65.3,62.9,345
10051,Samsung KC3000 27,Digital Products,SSD,Samsung,8105200,8810000,8,1183,4.0,19573,14254,1832587,100166,71276,0.026,17,2,1,Gold,1887,81.3,94.3,575
10052,LG Standard,Home Appliances,Air Conditioner,LG,68318330,96223000,29,185,3.8,1285,7619,561378,16858,17786,0.033,5,5,1,White,1212,57.2,51.8,191
10053,Springer Advanced,Books,Science Book,Springer,2146560,2752000,22,226,4.7,17654,10426,1629642,38389,51179,0.056,14,4,1,Green,2287,75.2,96.0,388
10054,Vintage Advanced,Books,Novel,Vintage,554840,572000,3,592,4.1,3203,9997,1257375,32997,47888,0.055,11,1,1,Green,1489,63.8,75.7,289
10055,Fujifilm Alpha,Camera,Mirrorless Camera,Fujifilm,122352000,122352000,0,665,4.6,12159,10605,1932317,71965,52955,0.064,6,7,0,Gold,1041,67.9,91.4,329
10056,Puma Plus,Fashion,Jacket,Puma,4407440,5956000,26,186,4.4,1141,2192,160679,3417,3671,0.106,5,2,1,Blue,1666,28.7,24.7,132
10057,Cambridge Standard,Books,Science Book,Cambridge,1935959,2847000,32,151,4.1,8802,15391,1315870,65433,43254,0.051,10,4,1,Black,3070,91.9,79.0,1419
10058,Nike Premium,Fashion,Jacket,Nike,11978160,13768000,13,43,4.6,2061,2194,395266,16268,4063,0.062,3,5,1,Black,2079,40.6,44.0,118
10059,8BitDo Xbox Wireless Controller,Gaming,Game Controller,8BitDo,8659990,11863000,27,1231,4.1,10293,17660,1357997,49242,18767,0.058,11,1,1,Gray,2915,87.5,81.8,963
10060,HP Katana 27,Laptop,Gaming Laptop,HP,117575800,123764000,5,216,4.6,2336,2266,268502,16269,8285,0.08,17,3,1,Blue,1838,35.7,34.9,124
10061,Bose WH 16,Digital Products,Headphones,Bose,45161600,51320000,12,639,4.4,8317,11453,1549548,88551,14855,0.061,6,6,1,Green,366,78.8,75.8,473
10062,Packt Advanced,Books,Programming Book,Packt,2667719,4042000,34,195,4.2,2313,4462,407381,27332,16073,0.071,17,5,1,Gray,1685,53.7,40.5,182
10063,ASUS MacBook Air 7,Laptop,Ultrabook,ASUS,23244750,30993000,25,54,3.9,5903,6925,572584,11477,21109,0.012,14,1,1,Red,2065,50.9,52.4,212
10064,Canon EOS,Camera,DSLR Camera,Canon,54081950,83203000,35,20,4.4,8882,11073,991309,22436,29435,0.023,1,3,1,Gray,1423,83.8,84.0,650
10065,HP Pavilion 27,Laptop,Laptop,HP,104207880,124057000,16,27,4.9,1053,975,132216,2102,3046,0.044,1,5,1,Green,1867,28.6,24.6,69
10066,Lenovo Pro,Mobile,Tablet,Lenovo,35812490,58709000,39,106,4.8,5043,5340,532443,18443,3921,0.056,19,6,1,Gray,413,56.5,49.5,453
10067,Penguin Plus,Books,Novel,Penguin,558480,716000,22,3339,4.0,4825,24790,1979383,51406,12800,0.014,18,4,1,Silver,2393,88.8,73.5,1705
10068,Sigma Premium,Camera,Camera Lens,Sigma,102794640,109356000,6,434,4.4,2731,2907,392284,16618,14652,0.038,3,4,1,Gray,4518,34.1,40.4,96
10069,New Balance Suede,Fashion,Sneakers,New Balance,7825000,7825000,0,831,4.7,11588,7898,1825100,91566,59683,0.04,12,5,1,Gray,305,65.4,89.1,393
10070,DJI X,Camera,Action Camera,DJI,14180540,16489000,14,187,4.0,9258,7633,1424596,50435,29258,0.014,13,3,1,Silver,979,67.1,79.8,427
10071,Cougar Plus,Gaming,Gaming Chair,Cougar,33944800,42431000,20,1309,4.4,2824,13541,1030621,25246,30885,0.065,12,6,1,Blue,2507,81.2,77.8,1150
10072,Samsung Plus,Home Appliances,Refrigerator,Samsung,29951170,41029000,27,5,4.5,311,813,55621,2585,1188,0.029,3,3,1,Gold,4356,26.2,20.6,42
10073,Acer Nitro 9,Laptop,Gaming Laptop,Acer,25038279,36821000,32,4244,3.9,15840,22673,1636829,36168,36992,0.024,5,3,1,Red,2023,89.4,93.9,2083
10074,Nintendo Xbox Series X,Gaming,Game Console,Nintendo,74174760,74924000,1,1239,4.2,4957,9623,1344748,89813,13981,0.041,11,7,0,Black,282,65.8,76.2,501
10075,Nike Premium,Fashion,Backpack,Nike,9374250,10775000,13,225,4.7,13529,7669,1346677,70935,20752,0.108,14,4,1,Red,1226,71.7,89.4,580
10076,Logitech G Pro 5,Digital Products,Mouse,Logitech,30742600,31370000,2,254,4.2,4225,5563,943371,19173,14299,0.028,6,7,1,Red,1605,59.8,69.3,244
10077,Google 13 Pro,Mobile,Smartphone,Google,42116600,67930000,38,8,4.2,2174,6116,451690,21619,15583,0.047,4,4,1,Blue,243,53.3,44.3,123
10078,GoPro Osmo Action,Camera,Action Camera,GoPro,127570170,140187000,9,806,4.2,5534,6053,1153633,80062,33240,0.035,12,7,0,Red,1231,65.5,78.8,228
10079,Tamron Premium,Camera,Camera Lens,Tamron,39986550,47043000,15,1038,4.8,5608,12471,1081593,39599,28746,0.049,17,5,1,Blue,3940,81.7,79.7,952
10080,Xiaomi Advanced,Mobile,Smartwatch,Xiaomi,29502720,37824000,22,1394,4.9,8330,15230,1224237,53661,37022,0.036,8,1,1,White,1612,82.2,83.5,513
10081,Vintage Pro,Books,Novel,Vintage,1171280,1331000,12,725,4.1,8537,12361,1176764,37958,13016,0.027,9,5,1,Silver,2335,75.4,74.2,851
10082,Daikin Premium,Home Appliances,Air Conditioner,Daikin,48474660,55718000,13,1616,4.8,19512,19575,1960257,58886,18162,0.024,12,7,1,Blue,394,86.6,96.4,793
10083,Packt Standard,Books,Programming Book,Packt,1549440,2421000,36,476,4.3,13741,22626,1460477,41127,9897,0.017,2,1,1,Gold,873,96.4,79.8,2502
10084,Springer Advanced,Books,Science Book,Springer,2717760,2831000,4,9,4.5,1380,909,124572,2481,3126,0.077,6,4,1,Gray,347,26.0,25.5,48
10085,Sony Xbox Series X,Gaming,Game Console,Sony,68320980,79443000,14,3834,4.6,23159,22889,1947610,87411,43406,0.03,9,2,1,Red,1381,91.4,99.6,1197
10086,Secretlab Plus,Gaming,Gaming Chair,Secretlab,41285080,58148000,29,1016,4.3,5707,15950,1081121,40051,9014,0.054,1,3,1,Gold,2237,91.3,70.8,911
10087,LG Premium,Home Appliances,Refrigerator,LG,49208740,50213000,2,629,3.6,13004,11318,1439300,46206,13111,0.093,8,2,0,Gold,1304,69.5,83.9,408
10088,LG Standard,Home Appliances,Washing Machine,LG,60329280,68556000,12,586,4.3,2111,6384,759217,34946,5437,0.038,18,2,1,Gold,1002,60.7,57.6,350
10089,Apple Standard,Mobile,Tablet,Apple,56205000,62450000,10,4,3.8,617,534,121582,1969,1690,0.007,2,4,1,White,4483,25.4,25.5,12
10090,Adidas 574,Fashion,Sneakers,Adidas,3981000,6635000,40,1104,4.1,5205,6450,802617,52524,14617,0.098,5,6,1,White,1512,78.4,63.0,236
10091,Lenovo Standard,Mobile,Tablet,Lenovo,55960080,63591000,12,338,4.3,6133,16961,1727211,43813,61544,0.058,14,5,1,Black,2021,79.4,76.7,344
10092,Samsung 15,Mobile,Smartphone,Samsung,63568950,65535000,3,294,4.7,4353,4549,456146,26312,4518,0.028,11,5,1,Red,180,40.2,43.4,226
10093,Huawei Plus,Mobile,Smartwatch,Huawei,55674780,63994000,13,24,5,861,825,98823,5753,1596,0.047,6,7,1,Silver,1896,23.5,27.7,70
10094,Adidas Premium,Fashion,Backpack,Adidas,4298880,4478000,4,195,4.2,5868,3176,693111,45552,24016,0.071,2,3,1,Black,646,48.3,65.4,184
10095,GoPro HERO,Camera,Action Camera,GoPro,35844060,57813000,38,82,4.3,2747,2713,246529,13129,7305,0.079,10,4,1,Red,2576,39.4,34.3,134
10096,Springer Advanced,Books,Science Book,Springer,2541960,2763000,8,855,3.7,12558,8490,1180199,65818,6570,0.03,10,2,1,Silver,3161,70.4,75.7,455
10097,Vintage Premium,Books,Novel,Vintage,3895500,3975000,2,2146,4.2,12450,15092,1667684,41896,60249,0.006,2,7,1,Black,102,74.7,90.1,464
10098,Pearson Standard,Books,Science Book,Pearson,3409560,4158000,18,9,4.5,69,236,33491,1518,181,0.044,1,5,1,Green,1518,18.1,16.4,5
10099,DJI HERO,Camera,Action Camera,DJI,65591660,105793000,38,129,3.3,4101,11896,963088,50679,33395,0.053,3,4,1,Gold,509,84.1,73.3,327
10100,Sony EOS R,Camera,Mirrorless Camera,Sony,41857859,63421000,34,2224,3.9,15794,10535,1452332,59767,9628,0.035,19,6,1,Red,332,87.2,84.2,823
10101,MSI Nitro 5,Laptop,Gaming Laptop,MSI,65993899,94277000,30,177,4.1,4767,9967,816620,45474,26676,0.029,2,1,1,White,2495,74.7,68.9,721
10102,8BitDo DualSense,Gaming,Game Controller,8BitDo,44923320,51636000,13,252,3.9,4977,4134,787827,41268,22156,0.028,3,1,1,Green,1313,60.0,63.2,76
10103,GoPro HERO,Camera,Action Camera,GoPro,29957480,30884000,3,788,3.9,2856,6444,941793,18769,22977,0.034,1,3,1,White,4633,61.6,73.0,255
10104,SteelSeries G Pro 15,Digital Products,Mouse,SteelSeries,10259370,10363000,1,1015,4.2,4341,5148,912082,28718,29545,0.065,20,5,1,White,1159,55.1,76.7,181
10105,Nikon Premium,Camera,Camera Lens,Nikon,108985650,178665000,39,251,4.2,2560,3165,285973,11823,3207,0.049,19,7,1,Green,2346,46.7,33.1,97
10106,Samsung P5 Plus 32,Digital Products,SSD,Samsung,13230490,14539000,9,285,4.8,6305,6159,611465,11497,21201,0.035,10,2,1,Gray,3516,52.1,58.3,493
10107,Nike Advanced,Fashion,Backpack,Nike,7916699,11995000,34,1153,3.7,3484,8918,1126473,32276,31838,0.079,13,7,1,Green,917,71.6,72.2,483
10108,Daikin Premium,Home Appliances,Air Conditioner,Daikin,53020500,70694000,25,175,3.9,10995,11752,1234862,28761,49295,0.061,4,7,0,Gray,2903,74.6,84.0,372
10109,Vintage Premium,Books,Novel,Vintage,2783880,2812000,1,31,4.4,988,451,94207,4770,2703,0.019,17,2,1,Red,4636,17.7,23.7,28
10110,Nike Standard,Fashion,Jacket,Nike,14518960,14968000,3,128,4.1,7821,6694,1242440,18940,15552,0.075,19,1,1,Gray,3046,58.8,76.0,230
10111,Tamron Premium,Camera,Camera Lens,Tamron,160260210,161879000,1,34,4.6,7488,5442,738665,39761,11383,0.048,11,1,1,White,1549,53.5,61.9,218
10112,New Balance Ultraboost,Fashion,Sneakers,New Balance,9399180,9591000,2,2,3.9,2062,2416,606230,19582,12600,0.098,16,2,1,Green,4650,40.7,49.6,119
10113,OReilly Standard,Books,Programming Book,OReilly,329960,452000,27,1046,4.2,3415,5666,462983,11228,9725,0.079,4,5,1,Red,4490,51.5,41.5,396
10114,Dell Yoga 65,Laptop,Ultrabook,Dell,22043840,24224000,9,214,4.6,7770,4035,731518,14472,25811,0.048,19,6,1,Green,1779,51.9,71.9,307
10115,Secretlab Advanced,Gaming,Gaming Chair,Secretlab,41621760,43356000,4,60,4.7,6173,4916,561159,33576,5468,0.034,9,7,1,Gray,2095,44.6,52.2,178
10116,Kingston P5 Plus 10,Digital Products,SSD,Kingston,30116790,30421000,1,1511,4.2,18004,8706,1666894,33538,38416,0.01,15,4,1,Black,813,67.9,94.0,424
10117,New Balance Ultraboost,Fashion,Sneakers,New Balance,8260800,8605000,4,188,4.2,5744,15541,1737662,107532,56631,0.107,4,6,1,Gold,183,74.8,81.8,506
10118,Bosch Plus,Home Appliances,Washing Machine,Bosch,45456840,45916000,1,156,4.7,3406,3794,756387,26814,27708,0.038,8,4,1,White,58,48.2,63.0,194
10119,Garmin Pro,Mobile,Smartwatch,Garmin,50682400,63353000,20,136,4.6,9329,12554,1002310,20681,16004,0.036,5,1,1,Black,1394,75.5,82.2,671
10120,OReilly Pro,Books,Programming Book,OReilly,1022960,1346000,24,172,4.4,11503,15249,1236926,42469,24773,0.043,8,5,1,Blue,269,88.2,86.5,618
10121,Nike Plus,Fashion,Jacket,Nike,8005439,8608000,7,220,3.8,3685,4670,506085,34805,20011,0.055,19,4,1,Gray,3908,49.1,51.4,63
10122,Google 13 Pro,Mobile,Smartphone,Google,38262000,45550000,16,312,4.3,10166,10174,1051275,40260,20058,0.054,9,1,1,Silver,253,71.2,80.2,621
10123,Acer Legion 2,Laptop,Gaming Laptop,Acer,51523560,52044000,1,17,4.7,2325,4624,911678,47073,25556,0.071,1,2,1,Red,2161,58.2,68.3,259
10124,Lenovo Advanced,Mobile,Tablet,Lenovo,75895380,76662000,1,290,4.6,17559,10173,1494350,73991,33421,0.069,6,3,1,White,4751,73.6,92.3,479
10125,Samsung 16,Mobile,Smartphone,Samsung,51807510,55707000,7,63,4.7,741,2747,315250,18653,9454,0.065,14,6,1,White,223,33.7,37.1,174
10126,Samsung Premium,Mobile,Tablet,Samsung,33301480,45002000,26,311,5,3438,5405,652080,29617,3442,0.075,20,2,1,Gold,1650,62.6,55.2,377
10127,OnePlus 14,Mobile,Smartphone,OnePlus,5831910,9257000,37,0,4.3,33,45,3566,113,43,0.078,5,6,1,Black,179,31.0,17.6,3
10128,Apple EliteBook 4,Laptop,Ultrabook,Apple,73499910,103521000,29,40,4.0,1246,1148,157430,2900,4437,0.063,13,6,1,Red,2402,29.9,24.0,81
10129,Lenovo ThinkPad 15,Laptop,Laptop,Lenovo,77031700,81086000,5,43,3.4,1034,1085,253703,8107,3621,0.032,10,7,1,Black,1980,27.3,26.1,18
10130,Garmin Advanced,Mobile,Smartwatch,Garmin,30789000,30789000,0,35,4.1,8949,3498,848571,38675,20581,0.011,4,1,1,Silver,1120,51.1,71.8,212
10131,Sony PlayStation 5,Gaming,Game Console,Sony,20406539,30919000,34,293,4.4,9744,14486,930442,55350,8642,0.026,14,7,1,Gold,291,85.5,73.9,798
10132,OReilly Standard,Books,Programming Book,OReilly,1836790,2213000,17,102,4.2,6406,7545,1046751,47405,7467,0.073,17,2,1,Black,3183,75.7,71.2,392
10133,Nikon Plus,Camera,Camera Lens,Nikon,14090400,14832000,5,119,4.9,2211,3116,459818,27348,9890,0.076,6,1,1,Silver,2233,42.4,48.7,217
10134,Adidas Plus,Fashion,Jacket,Adidas,3762500,4375000,14,1162,4.4,15865,16715,1691245,58742,43472,0.08,19,2,1,Silver,4082,84.8,89.8,280
10135,Xiaomi Pro,Mobile,Smartwatch,Xiaomi,33462650,51481000,35,36,4.4,1596,3191,423001,25013,14968,0.028,4,7,1,Red,644,48.9,47.2,136
10136,Keychron K8 27,Digital Products,Keyboard,Keychron,21161140,21593000,2,179,4.0,10535,5783,1179051,77919,38371,0.069,13,3,1,Blue,1093,61.8,80.2,314
10137,OnePlus 14,Mobile,Smartphone,OnePlus,30670990,36953000,17,45,4.5,2068,1454,218834,6146,8618,0.009,11,4,1,Silver,181,32.5,32.1,111
10138,HarperCollins Plus,Books,Novel,HarperCollins,3195990,3591000,11,461,4.2,4380,7679,794717,28326,27026,0.072,6,4,1,Black,2465,55.0,65.1,168
10139,Apple WH 9,Digital Products,Headphones,Apple,23838000,39730000,40,210,4.2,21406,16588,1873731,45109,67719,0.042,7,4,1,Blue,324,90.3,93.6,866
10140,Samsung Premium,Mobile,Tablet,Samsung,18705600,19485000,4,167,4.3,11459,7336,1388857,57523,11658,0.019,16,7,1,Green,3907,68.5,81.7,159
10141,Adidas Premium,Fashion,Jacket,Adidas,1181760,1231000,4,554,4.2,7457,4494,975797,22747,28665,0.071,14,7,1,Black,3221,61.6,78.9,237
10142,Daikin Pro,Home Appliances,Air Conditioner,Daikin,40753019,61747000,34,1207,5.0,3517,19168,1498507,69556,34598,0.038,4,7,1,Gray,1785,99.8,76.4,1295
10143,Kingston KC3000 32,Digital Products,SSD,Kingston,53172900,53710000,1,535,3.9,8605,3005,814402,35493,30214,0.047,14,1,1,Gray,4691,52.3,75.1,225
10144,HP TUF Gaming 10,Laptop,Gaming Laptop,HP,50796600,54620000,7,822,4.1,7865,6719,1018845,41790,11234,0.03,2,4,1,Red,2073,62.2,74.8,201
10145,Nintendo Xbox Wireless Controller,Gaming,Game Controller,Nintendo,10902530,17873000,39,192,4.9,3077,5695,478561,28914,6905,0.037,15,2,0,Green,4018,61.6,50.2,518
10146,Cougar Plus,Gaming,Gaming Chair,Cougar,49391729,73719000,33,0,5,228,444,61208,3864,736,0.033,12,6,1,Red,3852,30.9,24.4,11
10147,Manning Standard,Books,Programming Book,Manning,4433040,4716000,6,109,4.4,3540,1603,343412,6858,2046,0.056,8,6,1,Silver,2254,32.4,38.3,128
10148,Packt Standard,Books,Programming Book,Packt,260930,269000,3,771,4.1,12827,9314,1276289,40586,49578,0.043,12,4,1,Gold,2525,70.0,90.0,293
10149,DJI X,Camera,Action Camera,DJI,32704200,36338000,10,153,4.8,7491,7696,705737,20722,21093,0.042,17,7,1,Black,4965,55.7,65.9,169
10150,8BitDo Xbox Wireless Controller,Gaming,Game Controller,8BitDo,43036070,55891000,23,547,4.3,11107,14087,1223189,56832,14246,0.015,16,6,1,Blue,1442,87.5,83.8,370
10151,Secretlab Advanced,Gaming,Gaming Chair,Secretlab,16202880,16704000,3,481,4.3,4632,2643,468852,15576,6619,0.027,2,7,1,White,3918,40.7,46.3,163
10152,Apple S24,Mobile,Smartphone,Apple,48680880,52914000,8,82,4.0,13055,11094,1194625,82746,11961,0.018,16,3,1,Gray,190,75.2,77.3,388
10153,Samsung UltraGear 24,Digital Products,Monitor,Samsung,24547320,29223000,16,780,3.9,1732,9555,846477,37548,25879,0.049,1,6,1,Silver,1903,68.7,63.2,226
10154,Sony QuietComfort 7,Digital Products,Headphones,Sony,23622830,30679000,23,2007,4.5,9060,8801,1251178,48610,36330,0.049,12,7,1,Green,189,75.1,86.1,276
10155,Bose WH 10,Digital Products,Headphones,Bose,48343350,58245000,17,853,4.2,19329,8717,1617927,83174,45099,0.037,15,4,1,Blue,422,76.9,93.6,429
10156,ASUS Yoga 24,Laptop,Ultrabook,ASUS,78510990,99381000,21,54,4.3,9057,5765,878841,18253,26503,0.073,16,2,1,Blue,1926,61.0,76.2,173
10157,Springer Pro,Books,Science Book,Springer,246240,304000,19,1048,4.7,13204,11991,1902365,127876,61414,0.047,8,4,0,Blue,2213,80.9,87.1,307
10158,Sony Pro,Camera,Camera Lens,Sony,20029000,20029000,0,47,4.6,2510,1823,290734,7087,5091,0.041,12,7,1,White,3333,26.7,36.0,124
10159,Adidas Pro,Fashion,Backpack,Adidas,2136800,2671000,20,156,5.0,375,1303,123490,8041,2703,0.04,13,7,1,Black,1120,29.9,26.8,106
10160,Canon Z,Camera,Mirrorless Camera,Canon,126788640,144078000,12,1313,4.2,12025,11587,1469723,57035,44727,0.07,13,2,1,Black,323,78.0,84.1,905
10161,Lenovo Legion 9,Laptop,Gaming Laptop,Lenovo,141271680,147158000,4,1020,4.4,6416,9239,1063607,29701,22408,0.012,15,3,1,Gold,1172,63.2,77.4,358
10162,Secretlab Premium,Gaming,Gaming Chair,Secretlab,46695440,49676000,6,168,4.8,1162,1068,114323,7023,1899,0.046,12,6,1,White,1866,18.4,25.3,67
10163,Sony EOS R,Camera,Mirrorless Camera,Sony,134343300,137085000,2,844,4.3,6831,12721,1503856,38762,13874,0.039,7,6,1,Green,395,76.6,78.1,687
10164,Samsung AGON 32,Digital Products,Monitor,Samsung,3465210,3983000,13,177,3.9,9434,9531,908169,37744,20698,0.024,5,1,1,Red,4179,71.6,74.5,537
10165,Puma Premium,Fashion,Jacket,Puma,13411300,13685000,2,566,3.7,6169,4422,866089,53151,20936,0.048,7,2,1,Blue,2878,61.9,65.5,269
10166,Nikon X-T,Camera,Mirrorless Camera,Nikon,139877730,160779000,13,1730,3.9,12738,11285,1399630,72897,50786,0.079,1,5,1,Green,597,71.2,83.0,406
10167,Sony Switch OLED,Gaming,Game Console,Sony,42373480,43684000,3,1592,4.9,3434,10781,1135420,71238,35064,0.028,8,5,1,Blue,434,78.6,78.0,965
10168,Xiaomi S24,Mobile,Smartphone,Xiaomi,46911830,66073000,29,1609,4.4,15942,22007,1912025,103297,34169,0.026,7,3,1,White,173,98.7,94.4,519
10169,Sony Switch OLED,Gaming,Game Console,Sony,38425000,38425000,0,616,4.2,3460,8164,978467,32039,6633,0.01,16,7,1,Red,647,66.3,65.9,194
10170,AOC AGON 10,Digital Products,Monitor,AOC,6415500,6825000,6,1086,4.1,7659,10049,1853117,61622,32666,0.052,16,5,1,Black,989,73.8,80.5,705
10171,Garmin Premium,Mobile,Smartwatch,Garmin,21259800,22860000,7,607,4.3,8125,8389,1133459,65034,26070,0.021,7,3,1,White,1421,75.7,83.2,421
10172,LG Plus,Home Appliances,Air Conditioner,LG,57143640,80484000,29,1259,4.2,21679,26285,1843135,106231,50925,0.067,1,4,1,Black,766,89.2,94.2,813
10173,8BitDo Xbox Wireless Controller,Gaming,Game Controller,8BitDo,52790010,58011000,9,1,4.2,73,226,35922,1961,259,0.007,12,5,1,Blue,758,15.7,22.0,9
10174,WD SN850X 32,Digital Products,SSD,WD,19289520,26424000,27,3056,4.4,13288,21262,1781962,120830,17895,0.011,1,5,1,Gray,1059,88.7,85.8,1034
10175,Philips Premium,Home Appliances,Vacuum Cleaner,Philips,65317469,94663000,31,871,4.4,3096,4099,299250,7687,3395,0.076,18,4,1,White,2431,43.7,34.1,148
10176,Canon EOS,Camera,DSLR Camera,Canon,70334100,82746000,15,624,4.5,7429,18628,1888185,78779,31140,0.053,19,5,1,Red,1177,84.1,80.8,1394
10177,Microsoft Pro Controller,Gaming,Game Controller,Microsoft,32951439,48458000,32,143,3.7,6671,6787,971163,20380,26798,0.048,18,2,1,White,667,73.6,78.6,466
10178,Bosch Standard,Home Appliances,Refrigerator,Bosch,72662400,80736000,10,548,4.5,5669,13942,1626206,59498,58869,0.051,15,5,1,Green,3030,79.7,81.4,1093
10179,WD P5 Plus 4,Digital Products,SSD,WD,10909800,12540000,13,64,3.8,11110,7130,1187094,49374,20842,0.008,9,3,1,Silver,4292,74.1,79.9,305
10180,Nikon Z,Camera,Mirrorless Camera,Nikon,140521920,159684000,12,64,3.5,2105,3514,365089,13076,9334,0.015,13,2,1,Red,1006,34.7,36.0,171
10181,Logitech G915 27,Digital Products,Keyboard,Logitech,18626910,19203000,3,86,4.6,3991,2391,392469,20157,7657,0.052,16,4,1,Gray,3416,30.9,39.9,103
10182,Samsung Pro,Mobile,Smartwatch,Samsung,28609920,29802000,4,677,4.7,2709,3063,378066,14101,14715,0.067,10,1,1,Gold,3995,32.2,46.7,181
10183,Kingston SN850X 32,Digital Products,SSD,Kingston,42986200,45730000,6,1401,4.2,5501,6878,951495,21191,5309,0.043,14,7,1,White,1503,60.7,69.2,142
10184,ASUS MacBook 4,Laptop,Laptop,ASUS,118872640,138224000,14,88,4.2,3492,13618,1735938,115570,49907,0.048,17,4,1,Gold,2661,78.4,78.6,1133
10185,Puma 574,Fashion,Sneakers,Puma,12655590,13047000,3,267,4.7,13402,15396,1802065,52582,9355,0.055,4,5,1,Silver,2637,78.6,80.5,670
10186,Samsonite Standard,Fashion,Backpack,Samsonite,3008400,5014000,40,990,4.5,7964,10279,834021,31465,27049,0.087,9,3,1,Green,1181,80.4,75.8,815
10187,JBL AirPods 10,Digital Products,Headphones,JBL,49177040,52316000,6,965,3.9,2911,9767,1155142,42047,31484,0.035,20,4,1,Blue,293,68.3,75.1,635
10188,DXRacer Plus,Gaming,Gaming Chair,DXRacer,63515270,69797000,9,261,4.0,4449,2352,423510,28032,9798,0.026,17,6,1,Gray,345,37.3,45.1,141
10189,The North Face Premium,Fashion,Jacket,The North Face,9798940,10102000,3,8,4.3,94,204,32725,1002,1114,0.06,8,5,0,Gold,3359,16.4,17.3,6
10190,Sony Pro Controller,Gaming,Game Controller,Sony,26367679,38776000,32,996,4.2,16945,16918,1705793,49054,34963,0.064,11,7,1,Gold,4857,94.2,92.8,623
10191,Bosch Premium,Home Appliances,Washing Machine,Bosch,49527280,56281000,12,5,4.2,101,109,20891,771,651,0.02,16,3,1,Blue,1547,22.6,19.5,7
10192,Philips Plus,Home Appliances,Vacuum Cleaner,Philips,25603900,36577000,30,4035,4.0,14361,24613,1754421,41368,15323,0.048,20,1,1,Black,4000,90.2,82.6,2291
10193,Microsoft Pro Controller,Gaming,Game Controller,Microsoft,38396200,41735000,8,357,4.2,15725,11668,1573719,65006,37654,0.029,15,1,1,Gold,2635,77.1,87.6,348
10194,Nintendo Xbox Series X,Gaming,Game Console,Nintendo,34638720,36082000,4,747,4.2,6985,8180,1286230,32303,25516,0.047,13,3,1,Gray,4767,67.6,81.6,517
10195,Adidas Ultraboost,Fashion,Sneakers,Adidas,5939280,8249000,28,128,4.1,4054,3256,370872,18427,8785,0.082,18,7,1,Green,860,45.4,37.6,241
10196,HarperCollins Advanced,Books,Novel,HarperCollins,2967580,3157000,6,1240,4.4,13238,5951,1169644,34123,6660,0.072,7,5,1,Gray,2381,63.3,82.8,295
10197,Samsonite Premium,Fashion,Backpack,Samsonite,6726380,10849000,38,331,4.6,9787,28655,1821368,90558,45547,0.105,11,2,1,Blue,2241,99.1,84.8,2926
10198,Springer Plus,Books,Science Book,Springer,381220,389000,2,26,4.9,4245,2354,492548,32864,14542,0.033,4,1,0,Gold,4542,37.7,54.1,136
10199,Anker QuietComfort 5,Digital Products,Headphones,Anker,13100010,17013000,23,975,4.2,9656,11560,929874,15409,26244,0.05,15,7,1,Blue,460,70.8,83.2,656
10200,Samsonite Advanced,Fashion,Backpack,Samsonite,7384080,8391000,12,133,4.2,4887,9785,1688094,53905,32794,0.057,5,3,1,Black,4079,78.8,77.7,169
10201,Bosch Plus,Home Appliances,Refrigerator,Bosch,42857889,63967000,33,245,4.1,8595,8213,917178,33417,16731,0.01,17,7,1,Blue,2382,75.2,74.2,282
10202,Logitech Rival 24,Digital Products,Mouse,Logitech,29253120,30472000,4,52,4.4,9040,12582,1306509,42638,13490,0.028,10,3,1,Gold,117,71.3,75.6,528
10203,Cambridge Pro,Books,Science Book,Cambridge,2875950,2905000,1,781,4.4,15362,7773,1574558,29800,33782,0.06,1,1,0,Silver,3202,67.0,91.3,361
10204,Dell ZenBook 10,Laptop,Ultrabook,Dell,67777160,109318000,38,2075,4.3,10272,31813,1963885,97416,12719,0.029,16,6,1,Red,1313,100,77.0,1006
10205,Logitech Rival 34,Digital Products,Mouse,Logitech,16731000,16731000,0,43,3.8,786,410,88566,2083,2832,0.062,20,3,0,Black,539,14.0,18.3,14
10206,DJI X,Camera,Action Camera,DJI,58584000,58584000,0,301,4.0,4424,4700,792738,17765,28897,0.074,18,6,1,Gray,4503,47.7,68.7,156
10207,Apple Tune 15,Digital Products,Headphones,Apple,14325670,20177000,29,1589,4.3,9522,7442,1136330,40734,13060,0.017,20,2,1,White,455,79.4,76.0,561
10208,8BitDo Pro Controller,Gaming,Game Controller,8BitDo,46735920,47208000,1,27,4.3,9428,5260,1097731,19109,41519,0.05,16,2,1,Green,4063,58.9,85.6,148
10209,HP MacBook 15,Laptop,Laptop,HP,94930289,141687000,33,29,3.8,943,2273,168181,9399,6082,0.022,20,3,1,White,2344,30.2,23.7,104
10210,Adidas Ultraboost,Fashion,Sneakers,Adidas,8264760,9839000,16,469,4.4,2849,4010,375676,17167,11688,0.068,14,1,1,Gray,4555,39.8,40.7,136
10211,Insta360 Osmo Action,Camera,Action Camera,Insta360,97008480,105444000,8,1040,3.8,10739,11276,1328502,61075,16589,0.08,12,4,1,Green,51,75.8,83.0,552
10212,Microsoft PlayStation 5,Gaming,Game Console,Microsoft,22878330,33157000,31,73,4.5,447,685,46011,3077,1554,0.024,19,2,1,Gold,2963,24.8,19.3,53
10213,Nintendo Xbox Series X,Gaming,Game Console,Nintendo,51732200,79588000,35,781,4.6,10513,21215,1540367,64472,56170,0.038,20,6,1,Green,692,99.7,89.9,1159
10214,Apple MacBook 65,Laptop,Laptop,Apple,63324160,98944000,36,306,4.4,12998,9932,1329857,47923,20835,0.048,11,5,1,Gray,1306,85.4,89.8,1033
10215,ASUS Inspiron 34,Laptop,Laptop,ASUS,70250320,71684000,2,133,4.7,1758,4945,705495,26071,5628,0.023,5,4,1,Gold,2719,52.5,52.2,285
10216,Acer TUF Gaming 27,Laptop,Gaming Laptop,Acer,121370080,141128000,14,12,4.5,2061,1742,236492,9056,4065,0.037,10,2,0,Gold,1697,30.4,36.0,62
10217,Apple IdeaPad 5,Laptop,Laptop,Apple,122722150,144379000,15,26,4.7,663,2665,310201,16489,2759,0.033,18,2,1,Blue,3078,38.4,38.4,184
10218,Apple Pro,Mobile,Tablet,Apple,43869220,45226000,3,277,3.8,11952,5540,1461222,26184,40792,0.029,12,7,1,Blue,3216,57.0,84.2,309
10219,HP VivoBook 15,Laptop,Laptop,HP,59833600,93490000,36,22,5,230,327,45564,1911,1414,0.027,10,2,0,Blue,1353,32.1,25.8,35
10220,Sony Xbox Series X,Gaming,Game Console,Sony,46322620,56491000,18,213,4.5,1716,2204,184619,8056,5304,0.056,8,5,1,Blue,2747,30.6,27.3,141
10221,Bosch Standard,Home Appliances,Washing Machine,Bosch,25231570,27727000,9,484,4.5,21604,15655,1906815,124784,30723,0.038,6,3,1,Gray,291,84.1,100,644
10222,Sony PlayStation 5,Gaming,Game Console,Sony,21573770,22241000,3,472,4.3,18968,11766,1599468,78265,41899,0.069,1,3,1,Gold,1148,73.8,96.7,626
10223,Springer Plus,Books,Science Book,Springer,1729510,1783000,3,135,4.3,4028,8047,857373,32337,26563,0.051,6,4,1,Gold,2711,64.2,72.8,358
10224,Samsonite Premium,Fashion,Backpack,Samsonite,6731520,10518000,36,1849,4.2,9525,17114,1199933,52662,42780,0.092,15,7,1,Silver,4299,92.9,87.6,389
10225,Xiaomi 16,Mobile,Smartphone,Xiaomi,40314569,60171000,33,849,4.5,10102,18835,1623018,79077,11213,0.036,15,1,1,White,173,97.2,82.9,1176
10226,Packt Premium,Books,Programming Book,Packt,1242179,1854000,33,63,4.0,853,2568,189620,10058,6968,0.076,3,1,1,Red,748,36.5,27.0,193
10227,Eastpak Pro,Fashion,Backpack,Eastpak,12825260,13087000,2,316,3.8,2462,5018,703450,44166,7921,0.072,15,3,1,White,1127,56.5,48.6,221
10228,Penguin Standard,Books,Novel,Penguin,4114740,4242000,3,140,4.1,10618,8747,1235433,49362,25283,0.007,9,5,1,Silver,450,66.1,79.5,261
10229,Sony DualSense,Gaming,Game Controller,Sony,17730240,19272000,8,592,4.5,3222,3025,374313,20022,9369,0.046,12,1,1,Blue,2694,36.1,41.0,62
10230,Microsoft DualSense,Gaming,Game Controller,Microsoft,38919600,40968000,5,644,4.5,6291,4327,868213,46250,22939,0.032,17,1,1,Blue,3548,61.5,71.1,247
10231,Crucial P5 Plus 15,Digital Products,SSD,Crucial,52675980,53751000,2,424,4.3,5031,10441,1278516,27489,27195,0.026,20,4,1,Red,2914,67.8,78.7,152
10232,Lenovo Nitro 16,Laptop,Gaming Laptop,Lenovo,46842750,62457000,25,22,4.6,2119,2705,239232,8080,7261,0.072,7,3,1,Gold,3043,39.5,35.4,154
10233,Sigma Pro,Camera,Camera Lens,Sigma,138812160,144596000,4,271,4.1,3326,13582,1520860,71110,25261,0.05,5,3,1,Red,3123,77.0,76.7,615
10234,Razer Pro,Gaming,Gaming Chair,Razer,37338200,40585000,8,179,3.9,11232,6235,1042898,36957,35490,0.019,4,3,1,Silver,808,64.3,80.8,268
10235,Vintage Advanced,Books,Novel,Vintage,2823380,2881000,2,885,5,13096,8400,1828794,127283,22277,0.062,17,1,1,Black,4918,75.0,87.5,503
10236,Nintendo Xbox Series X,Gaming,Game Console,Nintendo,30878800,32504000,5,80,4.9,1967,3516,404297,17900,12956,0.065,9,1,1,White,1742,39.1,45.0,142
10237,LG Advanced,Home Appliances,Washing Machine,LG,60555269,90381000,33,183,4.1,7607,8058,1134172,59149,9875,0.045,20,5,1,Gold,2963,77.9,76.7,608
10238,Penguin Pro,Books,Novel,Penguin,3995640,4036000,1,220,4.4,5761,3351,651438,35217,13868,0.059,20,3,0,Green,1552,49.6,60.1,231
10239,Google A35,Mobile,Smartphone,Google,48657600,54064000,10,1334,4.6,14272,18021,1774200,39044,15262,0.017,18,6,1,Blue,218,82.5,87.1,528
10240,Pearson Advanced,Books,Science Book,Pearson,1371600,1905000,28,708,4.8,7825,11916,1239854,85439,30813,0.038,3,6,0,Gold,986,85.7,83.7,841
10241,Nike 574,Fashion,Sneakers,Nike,5218960,5864000,11,2706,4.5,4693,14085,1384965,65013,43521,0.095,5,4,1,Green,4784,79.7,76.5,936
10242,Nintendo DualSense,Gaming,Game Controller,Nintendo,5154400,6064000,15,108,4.4,6470,8294,1070936,23577,16381,0.035,1,6,1,Red,948,72.5,79.1,297
10243,Sigma Premium,Camera,Camera Lens,Sigma,107432160,122082000,12,893,4.4,10499,10642,1389837,85312,24475,0.011,5,2,1,Black,1229,78.2,83.8,569
10244,The North Face Standard,Fashion,Jacket,The North Face,3134950,3445000,9,591,4.5,6692,5230,889953,35377,15517,0.071,16,7,1,Blue,3415,65.9,72.2,83
10245,Fujifilm Alpha,Camera,Mirrorless Camera,Fujifilm,34840190,45247000,23,483,5,10811,15141,1104457,44809,8546,0.073,3,6,1,Blue,408,90.5,81.6,322
10246,Nikon Advanced,Camera,Camera Lens,Nikon,82137720,83814000,2,242,4.2,16372,9960,1458127,81973,44391,0.026,19,2,1,Blue,273,68.7,88.9,494
10247,Kingston KC3000 65,Digital Products,SSD,Kingston,17639000,17639000,0,60,3.7,2201,989,234436,12015,4206,0.068,16,2,1,Black,2858,27.8,33.2,49
10248,Adidas Premium,Fashion,Jacket,Adidas,10287020,12394000,17,53,3.8,3443,2999,442698,27137,3055,0.088,6,4,1,Blue,3951,44.9,42.5,139
10249,Springer Standard,Books,Science Book,Springer,3761000,3761000,0,724,4.4,10030,8438,1945026,85900,74796,0.06,14,5,0,Blue,2794,66.5,87.6,260
10250,Bosch Plus,Home Appliances,Washing Machine,Bosch,44422200,51060000,13,719,4.0,2942,11447,1411467,26447,27373,0.068,8,6,1,Silver,328,66.7,70.5,883
10251,Apple MacBook Air 65,Laptop,Ultrabook,Apple,97271860,99257000,2,77,4.3,13814,6792,1377059,34649,12227,0.03,15,3,1,Red,2154,60.7,80.1,383
10252,Xiaomi Plus,Mobile,Tablet,Xiaomi,65089530,65747000,1,883,3.8,7804,7959,1947886,71282,53745,0.038,7,5,1,Gold,2171,62.8,76.5,316
10253,OReilly Pro,Books,Programming Book,OReilly,3262080,3398000,4,143,4.1,2991,9667,1468622,79185,46973,0.035,18,2,1,Gold,1042,71.6,78.6,369
10254,HP TUF Gaming 3,Laptop,Gaming Laptop,HP,117229500,130255000,10,1224,4.6,7878,17896,1607983,42083,39245,0.019,13,1,1,Red,3092,79.2,84.3,975
10255,Gree Pro,Home Appliances,Air Conditioner,Gree,100236400,113905000,12,369,3.4,6534,4052,645858,44022,3600,0.016,2,4,1,Gold,4445,47.7,52.7,216
10256,Samsung Plus,Mobile,Tablet,Samsung,25109000,25109000,0,302,4.3,3317,8068,1327287,42345,43507,0.03,3,7,1,White,4122,67.4,77.3,135
10257,Nike Standard,Fashion,Jacket,Nike,9254140,9443000,2,344,4.5,4309,9773,1754614,43057,12655,0.093,12,5,1,Silver,4817,65.5,69.4,660
10258,Samsung Pro,Mobile,Tablet,Samsung,8767080,8946000,2,243,4.2,1699,1406,187442,8932,2798,0.05,5,2,1,Blue,4335,23.0,26.2,38
10259,Penguin Advanced,Books,Novel,Penguin,2805080,3049000,8,449,4.3,8544,10609,1170103,23709,20671,0.073,15,7,1,Silver,2314,64.4,76.7,309
10260,Packt Pro,Books,Programming Book,Packt,532860,642000,17,106,4.5,2450,7104,598323,17247,15908,0.048,2,5,1,Black,4023,53.3,49.9,237
10261,Puma Ultraboost,Fashion,Sneakers,Puma,13129380,13262000,1,223,4.8,5116,3246,478193,17049,6084,0.128,5,2,0,Gold,1508,37.9,46.2,201
10262,Philips Pro,Home Appliances,Vacuum Cleaner,Philips,87634230,100729000,13,151,4.6,1981,3711,588969,36422,12397,0.042,20,2,1,Gray,4785,55.9,54.4,101
10263,Gree Advanced,Home Appliances,Air Conditioner,Gree,9163770,11901000,23,41,4.5,9795,20852,1544378,42057,57855,0.067,14,1,1,Gold,4180,85.9,85.5,1229
10264,Springer Pro,Books,Science Book,Springer,3629000,4775000,24,185,4.1,13549,11801,1454161,97787,14025,0.063,1,4,1,Gray,3812,84.6,85.0,237
10265,Puma 574,Fashion,Sneakers,Puma,10106880,12032000,16,2508,4.1,16076,18444,1804853,79775,27759,0.102,18,5,1,White,2800,88.7,87.2,1499
10266,Lenovo Katana 24,Laptop,Gaming Laptop,Lenovo,23582010,25357000,7,85,4.1,3121,3207,368062,19789,9064,0.043,8,5,1,Gold,1959,38.3,42.0,128
10267,Nike Pro,Fashion,Jacket,Nike,6211520,6608000,6,753,3.6,6836,8750,1020191,45148,34572,0.043,3,2,1,Gold,765,63.8,81.1,312
10268,Nintendo PlayStation 5,Gaming,Game Console,Nintendo,68652920,70054000,2,135,4.3,3090,3893,428856,21228,6544,0.044,16,3,1,Black,2438,34.7,38.7,267
10269,Tamron Advanced,Camera,Camera Lens,Tamron,149319490,179903000,17,627,3.8,5000,6025,684814,30930,14401,0.039,6,7,1,Gold,3096,60.2,59.2,112
10270,WD KC3000 4,Digital Products,SSD,WD,8604400,12292000,30,2353,4.3,16057,10887,1453531,85315,15471,0.033,5,4,1,Gray,1730,83.4,83.7,436
10271,Kingston 990 Pro 2,Digital Products,SSD,Kingston,17480320,27313000,36,1210,4.5,8386,26484,1612199,24563,49732,0.061,16,3,0,Gray,4680,94.2,86.9,1064
10272,OnePlus A35,Mobile,Smartphone,OnePlus,48380000,48380000,0,597,4.6,13484,5506,1295537,51210,10671,0.012,17,2,1,Blue,175,60.9,84.1,243
10273,New Balance Suede,Fashion,Sneakers,New Balance,8928520,10382000,14,176,4.8,11825,16008,1978957,107611,39514,0.077,12,3,0,White,1816,86.9,88.5,1520
10274,Eastpak Plus,Fashion,Backpack,Eastpak,12202540,14189000,14,151,4.5,622,1588,181018,5734,7167,0.05,13,1,1,Blue,3445,25.0,29.0,100
10275,The North Face Pro,Fashion,Jacket,The North Face,9925800,13980000,29,967,3.9,16454,12978,1750752,47880,57236,0.092,4,6,1,Blue,3467,80.2,94.4,654
10276,No Starch Press Standard,Books,Programming Book,No Starch Press,3598320,4136000,13,1501,4.1,8341,18397,1821553,96041,71221,0.017,19,1,1,Gray,4814,80.8,80.4,1099
10277,8BitDo Pro Controller,Gaming,Game Controller,8BitDo,51659000,51659000,0,278,3.5,4370,2274,612163,34987,6987,0.067,11,7,1,Blue,2273,43.6,50.8,43
10278,OnePlus S25,Mobile,Smartphone,OnePlus,42099340,56891000,26,96,4.1,4671,6256,864515,56274,7421,0.041,18,5,1,White,203,69.7,60.2,541
10279,Razer Plus,Gaming,Gaming Chair,Razer,42159749,62925000,33,355,3.4,4666,9017,1253860,39819,38940,0.011,5,6,1,Gray,1769,73.1,71.1,629
10280,Pearson Plus,Books,Science Book,Pearson,1083000,1083000,0,170,4.2,9875,6886,1384177,25274,12682,0.012,1,7,1,White,4979,58.3,81.6,164
10281,Razer Advanced,Gaming,Gaming Chair,Razer,17970360,26044000,31,196,4.3,12616,10962,1637960,33497,41333,0.057,10,2,1,Black,858,84.2,91.3,882
10282,Samsung UltraGear 65,Digital Products,Monitor,Samsung,14672330,24053000,39,112,4.0,3686,14633,889885,24485,7964,0.026,17,2,1,Red,2411,81.5,59.6,554
10283,Cougar Plus,Gaming,Gaming Chair,Cougar,71393840,77602000,8,172,3.7,19643,11067,1794331,106105,67947,0.049,16,6,1,Gold,4331,74.5,91.0,248
10284,Dell MacBook Air 9,Laptop,Ultrabook,Dell,143387340,147822000,3,285,4.6,3342,3766,420482,29217,3909,0.026,19,5,1,Green,2558,40.0,43.6,150
10285,OReilly Advanced,Books,Programming Book,OReilly,3745120,4208000,11,309,4.4,12362,6594,1318289,79976,29575,0.027,11,2,1,White,676,72.2,88.1,310
10286,Oxford Standard,Books,Science Book,Oxford,2170080,3014000,28,1571,4.3,8467,11244,1134071,76427,6924,0.071,15,3,1,Gold,3815,77.8,72.5,825
10287,Dell UltraGear 7,Digital Products,Monitor,Dell,44365650,47705000,7,2075,4.7,13784,12181,1602747,84457,40112,0.015,2,4,1,Green,2939,79.6,89.3,269
10288,Insta360 X,Camera,Action Camera,Insta360,11288250,15051000,25,500,4.6,7098,12025,1311540,26695,22401,0.008,8,2,1,White,586,82.2,76.7,394
10289,Eastpak Advanced,Fashion,Backpack,Eastpak,667200,834000,20,843,4.6,9503,11732,1233602,40379,10387,0.099,11,4,1,Red,1415,80.2,77.6,575
10290,Dell Yoga 7,Laptop,Ultrabook,Dell,25180800,26230000,4,194,4.3,7243,5592,1203260,32997,37302,0.065,19,3,1,Gold,2849,60.1,83.6,274
10291,Samsonite Plus,Fashion,Backpack,Samsonite,6704960,7288000,8,511,3.8,9801,9297,1311144,83191,35367,0.088,7,6,0,Gold,2244,75.4,82.7,511
10292,Samsung Advanced,Mobile,Smartwatch,Samsung,67246620,68619000,2,32,4.2,2991,1906,316064,18048,10918,0.019,7,7,1,Blue,1365,28.0,39.2,61
10293,Xiaomi Premium,Home Appliances,Vacuum Cleaner,Xiaomi,50026200,83377000,40,720,4.2,3182,13426,885538,19927,12436,0.073,2,6,1,Black,503,83.0,61.4,1030
10294,Nike Premium,Fashion,Jacket,Nike,11122020,14259000,22,297,4.2,1287,1953,295276,13701,6646,0.09,17,3,1,White,2000,37.4,36.1,87
10295,Samsung Plus,Home Appliances,Air Conditioner,Samsung,23520000,24000000,2,216,4.1,4549,5012,576267,24185,10438,0.078,16,6,1,Blue,1237,43.0,53.2,243
10296,Apple Plus,Mobile,Smartwatch,Apple,35807460,41158000,13,242,4.4,5445,6223,649083,34747,23763,0.069,15,4,1,Green,2143,53.5,65.0,372
10297,ASUS UltraSharp 34,Digital Products,Monitor,ASUS,2899200,3020000,4,51,4.7,1130,1443,168470,6353,5802,0.057,6,6,1,White,2932,23.8,31.6,66
10298,Samsung Premium,Mobile,Smartwatch,Samsung,25837000,25837000,0,196,3.6,3479,1708,420088,13549,3309,0.049,5,7,1,Green,2666,29.9,41.7,30
10299,GoPro HERO,Camera,Action Camera,GoPro,108491010,116657000,7,1283,4.9,8953,8786,825717,22580,31529,0.045,8,1,0,Silver,2194,63.7,75.3,368
10300,MSI Nitro 3,Laptop,Gaming Laptop,MSI,17043000,21850000,22,208,3.7,8887,8179,913094,60315,31003,0.021,7,7,1,Blue,2279,74.0,76.1,318
10301,Secretlab Premium,Gaming,Gaming Chair,Secretlab,26349720,28641000,8,43,5,1335,2680,306564,12202,4197,0.024,1,4,1,Red,3306,36.4,38.6,187
10302,Apple MacBook Air 9,Laptop,Ultrabook,Apple,137774920,142036000,3,186,4.5,10560,16442,1905189,92117,54255,0.008,1,3,1,Green,2339,85.0,87.6,458
10303,Razer M720 15,Digital Products,Mouse,Razer,15659039,23028000,32,287,4.8,1754,4445,277155,8126,4424,0.042,12,4,1,Blue,2210,43.5,34.8,168
10304,Crucial 990 Pro 5,Digital Products,SSD,Crucial,10540000,10540000,0,506,4.6,907,2409,384575,11272,11425,0.012,2,4,1,Gold,3799,32.5,43.4,133
10305,Sony Switch OLED,Gaming,Game Console,Sony,50893510,71681000,29,157,4.7,9259,13797,1181715,80875,27664,0.049,8,7,1,White,2742,82.5,86.0,945
10306,MSI ROG 3,Laptop,Gaming Laptop,MSI,57029330,80323000,29,89,4.0,9406,16131,1383654,68573,19960,0.061,20,4,1,Gray,1965,91.7,81.8,695
10307,New Balance Suede,Fashion,Sneakers,New Balance,3313520,3416000,3,1339,4.4,17017,9171,1617147,38749,52205,0.063,5,1,1,Green,2590,72.6,94.7,282
10308,Gree Premium,Home Appliances,Air Conditioner,Gree,69549120,72447000,4,872,4.2,7847,9344,1259505,71296,42048,0.054,3,1,1,Gold,1886,72.3,83.3,644
10309,Acer Katana 3,Laptop,Gaming Laptop,Acer,101403570,138909000,27,19,4.4,6953,5510,630470,38638,14695,0.024,2,5,1,Green,2791,56.0,60.8,297
10310,Apple MacBook Air 32,Laptop,Ultrabook,Apple,96042600,106714000,10,1202,4.4,6303,16955,1649232,60382,13053,0.061,15,7,1,Blue,2498,87.8,77.8,426
10311,DXRacer Premium,Gaming,Gaming Chair,DXRacer,75041000,75041000,0,996,4.5,5611,7394,828736,43963,29343,0.066,10,5,1,Red,3285,63.6,68.8,152
10312,Samsung Premium,Home Appliances,Refrigerator,Samsung,93115680,95016000,2,118,4.4,3226,2559,507549,25089,16571,0.006,5,4,1,White,1410,44.0,51.9,104
10313,Penguin Plus,Books,Novel,Penguin,2275050,2615000,13,1185,4.1,5294,13131,1749186,107784,35180,0.056,20,6,1,Blue,353,78.5,77.9,722
10314,OReilly Standard,Books,Programming Book,OReilly,326600,355000,8,177,4.5,4993,6693,662885,19708,18355,0.049,15,6,1,Gray,2409,54.3,59.9,293
10315,Canon Advanced,Camera,Camera Lens,Canon,68406460,110333000,38,176,4.8,9791,15938,1747596,71612,68126,0.021,16,2,1,Gray,4081,89.6,85.8,1506
10316,Xiaomi S25,Mobile,Smartphone,Xiaomi,44386380,54798000,19,158,4.1,3771,2137,366903,23553,2245,0.047,8,1,1,Gold,183,44.6,40.7,158
10317,Samsung 990 Pro 15,Digital Products,SSD,Samsung,47845800,53162000,10,1038,4.3,17330,9384,1765456,85679,61867,0.06,4,2,1,Silver,3012,70.0,92.2,410
10318,Apple Inspiron 9,Laptop,Laptop,Apple,124821620,127369000,2,970,3.4,7154,6141,1780132,121636,56826,0.016,11,3,1,White,2189,62.4,79.6,208
10319,Adidas 574,Fashion,Sneakers,Adidas,4727450,7273000,35,264,3.6,18737,14644,1883879,65742,11381,0.046,3,1,1,Green,1396,86.6,85.8,370
10320,Huawei Advanced,Mobile,Smartwatch,Huawei,57922280,62959000,8,846,4.5,12866,9359,1428389,90052,43214,0.054,9,5,1,Gray,3359,72.7,86.7,524
10321,Canon Advanced,Camera,Camera Lens,Canon,30093000,30093000,0,159,3.9,7580,3193,701982,30624,16796,0.063,17,3,1,Gray,241,41.7,64.6,130
10322,Nike Pro,Fashion,Backpack,Nike,13287840,14288000,7,1172,4.7,9306,13793,1315392,28688,41408,0.08,1,4,1,Silver,4814,75.4,88.6,784
10323,DJI X,Camera,Action Camera,DJI,128099070,158147000,19,300,3.9,4574,16034,1498602,65046,17592,0.056,14,7,1,White,559,83.1,69.2,411
10324,Eastpak Advanced,Fashion,Backpack,Eastpak,8964970,10073000,11,166,4.7,10630,8794,888480,46997,33916,0.069,5,5,1,Gold,1109,74.4,82.2,492
10325,Samsung Standard,Mobile,Smartwatch,Samsung,36665850,56409000,35,95,4.0,800,2028,249570,11591,1599,0.026,10,3,1,Gray,1214,41.6,28.1,162
10326,Samsung Odyssey 16,Digital Products,Monitor,Samsung,23412510,23649000,1,121,4.1,581,777,94205,4382,2336,0.052,20,2,1,Gold,3735,19.5,19.3,35
10327,Adidas Premium,Fashion,Jacket,Adidas,5327520,6054000,12,1265,4.7,11898,12644,1406522,88086,41847,0.074,18,6,1,White,1626,84.0,89.0,1003
10328,Penguin Pro,Books,Novel,Penguin,4464880,4556000,2,5,3.9,191,261,40290,1060,1371,0.069,18,5,1,Black,4076,18.0,14.3,9
10329,Nikon Pro,Camera,Camera Lens,Nikon,23212330,38053000,39,629,4.4,5178,12891,1136693,22653,17889,0.033,11,2,1,Black,2491,82.4,73.6,643
10330,HP ThinkPad 34,Laptop,Laptop,HP,84495000,98250000,14,566,4.5,7329,7253,1034352,44211,39540,0.013,14,1,1,Green,2057,75.8,78.3,402
10331,Corsair Rival 3,Digital Products,Mouse,Corsair,47259240,56261000,16,1136,4.3,3163,5062,427180,10359,5801,0.025,15,1,1,Gold,2419,43.8,39.6,129
10332,Cougar Advanced,Gaming,Gaming Chair,Cougar,28281960,32886000,14,178,4.1,5153,5759,1070736,25566,25369,0.076,4,7,1,Blue,3588,62.0,76.3,438
10333,Cougar Advanced,Gaming,Gaming Chair,Cougar,30531880,37234000,18,121,4.1,5396,6636,675024,10714,19720,0.064,1,1,1,Green,4603,57.1,61.7,443
10334,Apple ZenBook 27,Laptop,Ultrabook,Apple,34005440,36176000,6,34,4.6,9827,16257,1705025,81964,31604,0.058,4,4,1,Silver,2920,76.5,87.6,1093
10335,Bosch Plus,Home Appliances,Refrigerator,Bosch,24829440,40704000,39,454,4.7,6886,13263,761764,36817,3999,0.018,9,5,1,Gray,4570,76.3,64.9,1055
10336,JBL QuietComfort 24,Digital Products,Headphones,JBL,55158080,56864000,3,1091,4.4,10194,4649,1097478,33020,38047,0.075,20,3,1,Gold,181,66.1,86.5,267
10337,Puma Pro,Fashion,Jacket,Puma,10245840,11643000,12,5,3.9,11269,7494,1039795,28438,15313,0.047,13,2,1,Black,1898,71.0,79.2,140
10338,Nintendo Switch OLED,Gaming,Game Console,Nintendo,17678000,17678000,0,55,4.8,9136,5346,906362,43133,24399,0.058,16,2,0,Black,2782,61.6,77.4,115
10339,HP EliteBook 3,Laptop,Ultrabook,HP,19038710,31211000,39,1234,4.6,20147,31968,1922989,35722,18198,0.061,20,6,1,White,1328,96.2,92.8,1409
10340,Whirlpool Premium,Home Appliances,Refrigerator,Whirlpool,51716120,70844000,27,529,4.4,15139,22001,1845864,37969,51282,0.048,11,5,1,White,150,91.9,88.1,1457
10341,8BitDo Xbox Wireless Controller,Gaming,Game Controller,8BitDo,61378690,63277000,3,138,4.3,1479,2349,289220,11271,11161,0.009,5,2,1,Red,2434,28.0,31.8,123
10342,Xiaomi Plus,Mobile,Tablet,Xiaomi,28438290,34263000,17,678,4.2,4163,4273,422575,14276,11990,0.062,19,5,0,Blue,3479,40.2,41.9,364
10343,Samsung Plus,Mobile,Smartwatch,Samsung,58085160,69149000,16,6,3.7,5091,3740,501759,29804,9110,0.062,12,1,1,Black,4594,41.4,45.1,108
10344,Apple S24,Mobile,Smartphone,Apple,44332260,45237000,2,180,4.4,8580,9914,1857281,45662,64380,0.039,9,1,1,Gray,198,72.0,86.4,308
10345,Insta360 HERO,Camera,Action Camera,Insta360,89139300,146130000,39,774,4.8,3469,20441,1307453,29997,48827,0.016,12,3,1,Silver,428,97.7,79.2,1727
10346,Bosch Plus,Home Appliances,Refrigerator,Bosch,47503780,76619000,38,1371,3.8,12803,26344,1858229,102205,60324,0.041,17,4,1,Red,4134,95.8,83.6,1873
10347,Oxford Standard,Books,Science Book,Oxford,2891720,3484000,17,772,4.2,6958,13303,1658559,43396,58399,0.051,19,2,0,Red,2135,79.8,77.6,303
10348,Xiaomi Premium,Mobile,Tablet,Xiaomi,60419700,67133000,10,135,4.3,4870,4148,858136,36354,12490,0.012,3,3,1,Blue,4160,59.3,67.2,312
10349,ASUS Nitro 5,Laptop,Gaming Laptop,ASUS,61833620,63746000,3,133,4.3,6691,5052,690969,42494,8065,0.054,1,7,1,Red,2754,57.5,61.9,238
10350,LG UltraGear 32,Digital Products,Monitor,LG,48398150,49895000,3,87,4.9,3512,4248,490653,28570,15463,0.071,11,7,1,Green,1766,43.4,54.0,69
10351,DXRacer Premium,Gaming,Gaming Chair,DXRacer,48396840,51486000,6,32,3.8,8468,6302,879515,46595,13621,0.099,5,2,0,Red,4704,62.9,70.7,349
10352,LG Standard,Home Appliances,Air Conditioner,LG,58830500,60650000,3,70,4.6,1207,1358,228331,15505,6248,0.022,6,1,1,Gold,269,24.6,28.8,90
10353,ASUS TUF Gaming 16,Laptop,Gaming Laptop,ASUS,21018060,21447000,2,422,4.6,21453,14864,1803436,39860,35427,0.059,5,7,1,Green,3044,72.7,99.0,451
10354,Springer Pro,Books,Science Book,Springer,1244880,1368000,9,1884,4.1,10365,17116,1729775,102776,40485,0.064,15,5,1,White,2408,83.5,87.7,713
10355,Adidas Premium,Fashion,Backpack,Adidas,4489380,4581000,2,490,4.3,14396,7825,1295987,32515,32272,0.109,6,3,1,Blue,596,66.9,92.0,218
10356,ASUS ROG 16,Laptop,Gaming Laptop,ASUS,89148540,120471000,26,236,3.9,5601,8177,860533,24871,19544,0.055,13,3,1,Silver,2724,62.1,65.8,453
10357,Cambridge Pro,Books,Science Book,Cambridge,762120,876000,13,181,4.2,3411,5267,508626,15438,5415,0.032,10,1,1,Green,1429,40.7,47.9,266
10358,Samsung Premium,Home Appliances,Refrigerator,Samsung,101323000,101323000,0,631,3.9,13470,10352,1331751,66928,40051,0.012,15,1,1,Black,3141,72.3,90.9,317
10359,Nike Suede,Fashion,Sneakers,Nike,13524710,13943000,3,262,5,4162,12328,1403388,85531,39637,0.043,4,7,1,Silver,1746,80.9,79.4,481
10360,Canon D,Camera,DSLR Camera,Canon,170468000,179440000,5,44,4.6,3371,4938,816683,22136,22890,0.024,3,2,1,Gold,508,57.0,69.3,364
10361,Lenovo ZenBook 27,Laptop,Ultrabook,Lenovo,86121630,141183000,39,18,4.4,13996,20200,1455337,76869,57093,0.072,20,5,1,Silver,3162,98.7,94.0,842
10362,Nintendo Xbox Series X,Gaming,Game Console,Nintendo,31383700,36922000,15,60,4.5,425,994,126167,5353,1522,0.078,20,4,1,Red,1149,23.6,25.9,67
10363,Sony Switch OLED,Gaming,Game Console,Sony,45514800,48420000,6,390,3.6,3737,3302,432130,12384,12556,0.016,17,3,1,Black,579,38.5,39.3,87
10364,LG Plus,Home Appliances,Washing Machine,LG,76278990,87677000,13,404,4.1,18881,15846,1668224,46705,12904,0.064,8,4,1,Silver,2533,79.2,88.9,797
10365,Acer Katana 4,Laptop,Gaming Laptop,Acer,74344270,81697000,9,170,4.0,3772,9425,1060175,71515,23186,0.041,10,5,1,Gray,2153,71.0,71.9,314
10366,Nikon EOS,Camera,DSLR Camera,Nikon,31564000,48560000,35,12,4.1,19,78,9267,394,281,0.017,12,4,1,White,1137,29.8,20.9,2
10367,Puma Standard,Fashion,Jacket,Puma,10785020,12118000,11,1480,4.2,8454,11136,1444366,55351,19697,0.078,1,6,1,Gray,2190,76.7,82.5,259
10368,Sony WH 27,Digital Products,Headphones,Sony,30833400,47436000,35,679,4.4,7560,12909,834467,57226,6519,0.012,14,3,1,Green,480,79.7,66.1,1221
10369,Nikon EOS,Camera,DSLR Camera,Nikon,88736750,112325000,21,13,4.9,28,104,13964,263,410,0.021,6,2,1,Gray,705,23.1,20.4,3
10370,Samsung Plus,Home Appliances,Refrigerator,Samsung,26835730,43993000,39,600,4.2,11131,28525,1828410,90462,49101,0.006,3,4,1,White,2852,92.5,83.6,1819
10371,Nintendo Switch OLED,Gaming,Game Console,Nintendo,10381140,10486000,1,1237,4.4,7891,7097,1095914,74427,15676,0.009,14,3,1,Red,2632,70.6,81.2,358
10372,GoPro HERO,Camera,Action Camera,GoPro,86889039,127778000,32,1144,4.0,7801,9848,843153,53825,8313,0.066,8,3,1,Gold,4268,75.0,64.0,1026
10373,Garmin Pro,Mobile,Smartwatch,Garmin,41040270,50667000,19,1348,4.0,3984,5837,490307,9548,9794,0.007,4,6,1,Silver,1222,49.2,49.3,424
10374,No Starch Press Standard,Books,Programming Book,No Starch Press,3943520,4024000,2,45,4.1,10816,4762,936431,38879,22402,0.079,4,4,0,Black,1362,63.8,78.1,157
10375,Penguin Plus,Books,Novel,Penguin,3845520,4578000,16,772,4.8,11064,10261,1032212,68381,32846,0.061,13,6,1,Green,1961,75.5,85.0,215
10376,Bosch Plus,Home Appliances,Refrigerator,Bosch,32176620,51074000,37,867,4.6,11340,11057,1210382,38845,31048,0.069,11,7,1,Gray,4307,85.9,88.3,270
10377,Nikon EOS,Camera,DSLR Camera,Nikon,112612680,139028000,19,63,4.1,2679,2990,309673,18292,9167,0.03,9,7,1,Gold,741,37.6,38.4,149
10378,LG Plus,Home Appliances,Washing Machine,LG,56901460,73898000,23,691,4.2,7435,8437,627761,32178,21782,0.02,14,6,1,Red,3256,59.1,61.8,343
10379,Adidas Suede,Fashion,Sneakers,Adidas,9362250,12825000,27,1192,4.5,16521,13606,1816330,72951,19487,0.099,5,2,1,Silver,124,84.3,93.0,417
10380,Adidas Pro,Fashion,Jacket,Adidas,1948620,2073000,6,304,3.7,3774,7350,994289,17783,39085,0.063,13,2,1,Silver,3299,60.8,75.8,516
10381,Acer TUF Gaming 27,Laptop,Gaming Laptop,Acer,96109650,105615000,9,15,4.4,171,99,24832,1285,567,0.012,9,6,1,Gray,2672,17.7,20.3,4
10382,ASUS XPS 10,Laptop,Ultrabook,ASUS,99969760,126544000,21,254,4.4,6247,7819,826351,36775,27622,0.048,7,6,1,Gray,1837,62.2,71.4,256
10383,Apple QuietComfort 65,Digital Products,Headphones,Apple,50153000,50153000,0,66,4.0,1950,943,262050,10028,9979,0.05,10,6,1,Gray,475,24.3,32.1,71
10384,LG Plus,Home Appliances,Refrigerator,LG,14369580,14814000,3,284,4.3,6643,4422,629035,16881,6099,0.011,5,6,1,White,4554,42.5,54.9,283
10385,Cougar Plus,Gaming,Gaming Chair,Cougar,72984740,75242000,3,671,4.2,11844,9888,1320800,33805,23807,0.013,14,7,1,Green,3154,63.1,85.4,169
10386,Puma Air Max,Fashion,Sneakers,Puma,4188600,6444000,35,455,3.2,7724,10368,1632233,102483,21058,0.042,13,1,1,White,1489,80.9,77.5,644
10387,Insta360 Osmo Action,Camera,Action Camera,Insta360,165570570,167243000,1,103,4.7,595,951,101086,3435,3128,0.025,16,5,1,Black,4257,22.0,26.4,24
10388,Nikon D,Camera,DSLR Camera,Nikon,50959090,55999000,9,468,5,7417,5844,742894,31664,10886,0.023,10,6,1,Blue,1132,60.7,69.1,289
10389,Acer IdeaPad 3,Laptop,Laptop,Acer,112742400,117440000,4,1054,3.6,22662,14322,1949989,74721,44467,0.061,18,6,1,Black,1878,79.3,96.4,800
10390,Whirlpool Plus,Home Appliances,Refrigerator,Whirlpool,62982400,98410000,36,208,4.3,11591,23834,1602116,43863,12222,0.069,14,4,1,Red,977,93.6,82.2,2255
10391,8BitDo Xbox Wireless Controller,Gaming,Game Controller,8BitDo,38509970,39701000,3,1896,4.1,17387,10267,1548252,102340,59715,0.072,20,7,1,Red,98,72.4,91.8,288
10392,ASUS Odyssey 3,Digital Products,Monitor,ASUS,25839370,29033000,11,16,4.0,1299,1813,178220,11480,3453,0.038,8,4,1,Blue,3035,26.2,24.3,97
10393,Packt Advanced,Books,Programming Book,Packt,3755000,3755000,0,656,4.5,7220,14398,1853493,31906,34862,0.049,7,4,0,Blue,1023,72.1,82.4,950
10394,Eastpak Plus,Fashion,Backpack,Eastpak,1424140,2297000,38,1389,4.1,3677,23820,1662939,39170,37416,0.101,11,4,0,Black,3608,94.2,74.3,625
10395,Corsair MX Keys 65,Digital Products,Keyboard,Corsair,10842000,18070000,40,386,4.1,3499,7441,519239,30141,4469,0.037,19,6,1,Silver,1036,57.1,41.9,828
10396,LG Premium,Home Appliances,Refrigerator,LG,55778800,63385000,12,1318,4.0,12239,11266,1468839,40728,24626,0.019,2,3,1,Red,2348,78.2,86.2,408
10397,Xiaomi S24,Mobile,Smartphone,Xiaomi,40857300,45397000,10,1398,4.0,8618,9851,1905724,80079,31825,0.033,18,7,1,Red,196,75.5,80.7,612
10398,Nintendo Xbox Series X,Gaming,Game Console,Nintendo,11010109,16433000,33,837,4.1,2274,4164,274147,13186,1764,0.062,7,2,1,White,663,46.5,33.1,171
10399,JBL Tune 10,Digital Products,Headphones,JBL,29132830,36877000,21,1786,4.8,20700,17842,1870292,128361,67932,0.047,3,4,1,Black,265,90.6,100,425
10400,Gree Standard,Home Appliances,Air Conditioner,Gree,47154830,77303000,39,211,3.8,2216,3694,347616,14951,8581,0.058,6,1,1,Silver,4900,47.8,39.5,277
10401,Microsoft Xbox Wireless Controller,Gaming,Game Controller,Microsoft,34968780,40194000,13,111,4.4,1767,2467,359341,18031,13644,0.049,2,6,0,Silver,4429,33.5,41.7,168
10402,Secretlab Premium,Gaming,Gaming Chair,Secretlab,41469400,43652000,5,32,4.7,996,1064,120590,1877,2103,0.02,1,5,1,White,3179,26.4,24.2,60
10403,No Starch Press Advanced,Books,Programming Book,No Starch Press,1608200,1870000,14,1015,4.5,10947,10472,1694438,93430,34204,0.028,6,4,1,Gray,1597,77.5,90.2,284
10404,AOC UltraGear 3,Digital Products,Monitor,AOC,10102950,10205000,1,192,4.0,3372,3734,514834,25989,9826,0.015,1,5,1,Green,219,36.4,42.8,259
10405,MSI Nitro 2,Laptop,Gaming Laptop,MSI,76793820,123861000,38,1819,4.7,8941,20270,1660732,89530,20063,0.067,6,3,1,Gray,2098,93.9,83.2,1245
10406,Lenovo MacBook Air 16,Laptop,Ultrabook,Lenovo,95332300,136189000,30,146,4.7,599,3031,297949,8145,3853,0.032,8,6,1,White,3114,37.9,31.1,103
10407,Nikon Alpha,Camera,Mirrorless Camera,Nikon,16652180,19363000,14,293,4.0,1426,3482,373935,14354,13558,0.005,12,1,1,Gold,1055,41.9,41.6,172
10408,Corsair BlackWidow 10,Digital Products,Keyboard,Corsair,23457720,30074000,22,592,4.4,19385,15057,1647909,98554,14766,0.07,3,3,0,Gray,3204,83.8,91.7,926
10409,Canon D,Camera,DSLR Camera,Canon,102441630,117749000,13,449,3.9,11545,8318,1130334,40866,28635,0.073,3,2,1,Silver,335,68.8,84.4,172
10410,Nikon D,Camera,DSLR Camera,Nikon,32049499,45785000,30,141,4.2,13558,15627,1157080,75456,15606,0.049,4,6,1,Green,353,90.3,83.3,313
10411,Penguin Pro,Books,Novel,Penguin,1304790,1403000,7,33,4.3,1713,1191,166160,6298,5282,0.071,10,4,1,Red,3687,26.9,30.1,34
10412,Samsung Standard,Mobile,Smartwatch,Samsung,29017000,29017000,0,1027,4.4,10893,13069,1746756,117300,36507,0.021,10,6,1,Gray,2276,79.3,86.4,776
10413,Google A56,Mobile,Smartphone,Google,13045680,18119000,28,552,3.8,5947,8818,982881,35310,6795,0.006,4,1,1,Red,153,71.8,66.4,200
10414,Nintendo PlayStation 5,Gaming,Game Console,Nintendo,8964740,9242000,3,20,4.4,2104,1509,178840,8238,4422,0.032,3,3,1,Red,2363,28.7,29.8,49
10415,Bose Soundcore 32,Digital Products,Headphones,Bose,33463980,33802000,1,349,4.3,16872,6882,1693938,69845,59979,0.017,15,1,1,White,298,70.7,95.7,395
10416,Canon Advanced,Camera,Camera Lens,Canon,79187480,84242000,6,153,4.2,20471,14613,1795562,30884,53771,0.078,5,5,1,Gold,847,77.3,93.9,983
10417,ASUS Katana 9,Laptop,Gaming Laptop,ASUS,27036800,42245000,36,262,4.7,1876,3974,339132,6413,10130,0.094,15,6,0,White,3099,41.1,42.7,243
10418,ASUS AGON 65,Digital Products,Monitor,ASUS,26293050,41735000,37,174,4.5,2223,12302,784170,29583,16274,0.035,20,6,1,Silver,4644,71.2,64.3,469
10419,ASUS Pavilion 27,Laptop,Laptop,ASUS,30319700,32255000,6,1573,3.8,6535,8785,982992,19384,30091,0.014,14,2,1,White,2399,61.3,78.4,260
10420,Packt Premium,Books,Programming Book,Packt,1155360,1392000,17,440,3.7,5162,3603,671980,46588,21568,0.035,16,2,1,Black,3514,52.5,59.8,64
10421,Cougar Premium,Gaming,Gaming Chair,Cougar,71569510,73783000,3,357,4.3,5478,15206,1873410,121004,31793,0.064,14,4,1,Gray,3628,76.6,80.6,463
10422,Samsung Advanced,Home Appliances,Refrigerator,Samsung,58224000,97040000,40,604,5.0,18403,15653,1969660,118943,60388,0.014,16,7,1,Green,2202,94.8,94.0,1087
10423,Vintage Pro,Books,Novel,Vintage,483060,498000,3,590,3.9,1442,3407,394045,14093,6770,0.054,1,3,1,Black,2523,37.7,37.4,226
10424,Cambridge Advanced,Books,Science Book,Cambridge,2190350,3085000,29,181,4.5,6462,7180,893570,51004,8013,0.058,18,5,1,Green,3175,72.5,70.2,527
10425,MSI IdeaPad 3,Laptop,Laptop,MSI,105147000,105147000,0,66,4.0,18616,11211,1956087,129097,16606,0.031,10,7,1,Silver,2962,71.5,86.7,793
10426,Cambridge Pro,Books,Science Book,Cambridge,2419060,3269000,26,1698,4.5,5150,14074,1064932,67493,15183,0.067,8,1,1,Green,317,81.0,71.7,738
10427,GoPro X,Camera,Action Camera,GoPro,117105190,120727000,3,177,4.5,8446,4013,821246,48513,20715,0.064,13,3,1,Green,1942,54.1,74.8,192
10428,Secretlab Advanced,Gaming,Gaming Chair,Secretlab,31389930,31707000,1,5,4.8,345,234,54271,2691,1398,0.022,19,4,1,Gray,3766,18.8,24.8,6
10429,Beko Advanced,Home Appliances,Washing Machine,Beko,96410000,96410000,0,27,4.8,1462,1147,174486,8177,1504,0.013,5,3,1,Gray,810,19.3,32.1,70
10430,Samsung Premium,Mobile,Tablet,Samsung,17461940,18002000,3,5,4.1,5068,7195,881109,28413,32416,0.046,6,6,1,Black,1010,63.7,76.3,317
10431,Kingston 990 Pro 5,Digital Products,SSD,Kingston,40522000,40522000,0,1,3.7,203,143,48814,1711,1779,0.042,5,3,1,Silver,803,11.8,18.3,4
10432,Puma Ultraboost,Fashion,Sneakers,Puma,2993600,3742000,20,678,4.2,17075,21140,1861334,126390,16009,0.064,7,6,1,Gold,3521,91.1,86.7,696
10433,Bosch Pro,Home Appliances,Vacuum Cleaner,Bosch,67525920,68904000,2,50,4.6,434,669,71299,3437,2545,0.033,1,1,1,Red,3567,21.5,21.9,14
10434,Sony Z,Camera,Mirrorless Camera,Sony,8468460,10857000,22,308,4.2,2986,4473,448813,26362,16361,0.066,7,5,1,Blue,453,48.2,47.4,277
10435,LG Premium,Home Appliances,Washing Machine,LG,75359000,75359000,0,294,4.1,2137,3728,575990,18995,10598,0.01,1,4,1,Green,353,44.9,51.9,68
10436,Lenovo TUF Gaming 9,Laptop,Gaming Laptop,Lenovo,111659780,118787000,6,116,4.4,1269,1120,167783,5406,4434,0.015,16,7,1,White,2631,28.2,25.0,37
10437,Canon Plus,Camera,Camera Lens,Canon,30140810,31073000,3,88,4.5,13959,8444,1892710,28905,55055,0.038,4,1,0,White,2210,64.3,91.4,485
10438,Crucial 990 Pro 4,Digital Products,SSD,Crucial,14991629,21727000,31,2137,3.7,12387,18140,1579728,97561,57409,0.027,17,2,1,Gold,2348,88.6,87.1,554
10439,HP Legion 27,Laptop,Gaming Laptop,HP,80712170,104821000,23,249,4.3,3002,4107,432285,11536,12306,0.015,4,3,1,Red,2377,46.2,45.7,263
10440,Sigma Standard,Camera,Camera Lens,Sigma,138322970,142601000,3,209,4.2,3257,4722,839790,25429,9025,0.045,5,4,1,White,2020,49.3,61.4,143
10441,GoPro X,Camera,Action Camera,GoPro,28234780,30037000,6,374,4.5,3151,2234,445234,7980,6473,0.056,14,2,1,Green,1497,36.7,44.4,100
10442,Samsung Pro,Home Appliances,Refrigerator,Samsung,11196239,16964000,34,1466,4.6,5626,11030,1206845,22473,10301,0.058,13,4,1,Silver,2247,79.8,71.2,432
10443,DXRacer Pro,Gaming,Gaming Chair,DXRacer,26039620,29258000,11,340,3.9,15467,12705,1469494,77642,16102,0.076,15,2,0,Gold,3555,75.0,82.7,333
10444,Garmin Premium,Mobile,Smartwatch,Garmin,7236590,8131000,11,116,3.9,3494,4487,519566,9084,2914,0.031,17,5,1,Gray,819,37.4,46.8,159
10445,Cougar Advanced,Gaming,Gaming Chair,Cougar,47473200,52748000,10,461,4.0,18950,17213,1736416,100015,60763,0.042,9,6,1,Black,1261,87.1,97.5,804
10446,Daikin Plus,Home Appliances,Air Conditioner,Daikin,106489350,107565000,1,1840,4.7,22302,17220,1931237,96813,74914,0.008,17,2,1,Red,2763,79.9,98.1,1180
10447,Fujifilm X-T,Camera,Mirrorless Camera,Fujifilm,97059140,156547000,38,1186,4.2,3462,22642,1662158,109698,16870,0.026,20,5,1,Blue,1297,94.7,74.1,414
10448,ASUS Inspiron 2,Laptop,Laptop,ASUS,71818820,76403000,6,2296,4.4,3510,10558,1749755,50443,30196,0.075,5,1,1,Gray,1905,73.0,80.3,290
10449,Gree Premium,Home Appliances,Air Conditioner,Gree,15318209,22863000,33,817,4.2,14745,22868,1930286,101032,31438,0.019,9,2,1,Silver,2516,93.0,88.6,1957
10450,Adidas 574,Fashion,Sneakers,Adidas,11278400,11872000,5,1889,4.6,17358,14028,1961085,67982,34116,0.073,1,5,1,Green,774,80.8,96.0,440
10451,Kingston 990 Pro 34,Digital Products,SSD,Kingston,52251120,56184000,7,54,4.1,8142,4036,845530,36772,29062,0.056,11,5,1,Blue,4682,56.7,73.0,87
10452,Samsung Standard,Mobile,Smartwatch,Samsung,23397780,26894000,13,736,4.0,3495,5980,1039229,66747,28462,0.024,1,7,1,Silver,989,65.0,72.1,416
10453,ASUS Nitro 15,Laptop,Gaming Laptop,ASUS,71211000,71211000,0,112,4.2,982,1282,255957,7146,8874,0.057,20,1,1,Black,1856,21.0,34.5,36
10454,Gree Advanced,Home Appliances,Air Conditioner,Gree,38829780,47938000,19,426,4.7,8559,13661,1235227,63890,23088,0.072,14,2,1,Gold,1034,83.9,78.3,580
10455,No Starch Press Plus,Books,Programming Book,No Starch Press,2702109,4033000,33,799,4.1,5364,9341,961729,59695,21746,0.016,17,1,1,Gray,2932,81.6,74.1,563
10456,Sony Pro Controller,Gaming,Game Controller,Sony,63616649,68405000,7,530,5,7976,8012,989836,24667,29494,0.017,5,6,1,Red,4838,68.4,83.6,192
10457,Apple ZenBook 27,Laptop,Ultrabook,Apple,78321800,82444000,5,430,4.9,4533,2748,486063,13616,17737,0.068,3,1,1,White,1253,43.2,49.6,185
10458,Logitech Rival 10,Digital Products,Mouse,Logitech,5718000,9530000,40,331,4.2,9106,16787,1203803,31015,26710,0.066,14,7,1,Silver,754,90.6,83.1,1065
10459,Lenovo Standard,Mobile,Tablet,Lenovo,54155879,79641000,32,970,4.5,7943,10228,715023,35981,15992,0.015,17,3,1,Gray,600,69.9,66.4,901
10460,Sony Xbox Series X,Gaming,Game Console,Sony,35221000,35221000,0,720,4.8,6021,10317,1134090,30984,43006,0.043,12,1,1,Gray,2409,64.2,82.3,800
10461,Nike Standard,Fashion,Backpack,Nike,7991759,11928000,33,783,3.5,5661,10332,1222662,20355,20579,0.088,2,2,1,Red,560,72.2,69.5,965
10462,Samsung Premium,Mobile,Tablet,Samsung,12437209,18563000,33,665,4.4,11518,7165,1004556,30014,6490,0.051,12,4,1,Silver,225,79.8,75.4,494
10463,Nike Standard,Fashion,Backpack,Nike,8399000,8399000,0,753,4.2,14477,6915,1606250,72642,14529,0.102,12,2,1,Black,2001,63.6,85.4,210
10464,Apple A16,Mobile,Smartphone,Apple,18041000,18041000,0,149,4.4,3502,6620,920218,16015,15863,0.06,5,5,1,White,234,52.7,66.7,303
10465,Nikon D,Camera,DSLR Camera,Nikon,77099860,104189000,26,210,4.5,6714,4366,614301,19987,14712,0.014,20,4,1,Silver,580,57.6,59.1,185
10466,JBL Soundcore 27,Digital Products,Headphones,JBL,46302620,50882000,9,21,4.1,531,1914,240075,14644,3471,0.033,2,3,1,Green,433,24.6,28.1,72
10467,Nike Advanced,Fashion,Backpack,Nike,890560,1012000,12,221,5,6966,5202,729898,24445,24805,0.076,1,3,1,Green,3552,59.3,73.2,404
10468,Cougar Premium,Gaming,Gaming Chair,Cougar,59616000,79488000,25,7,4.0,1979,7131,545970,19639,16978,0.008,9,7,1,Blue,750,58.3,50.9,279
10469,Nintendo Pro Controller,Gaming,Game Controller,Nintendo,27997900,37835000,26,70,4.3,8615,22158,1699737,87269,58232,0.011,15,1,1,Red,3983,94.0,83.4,1092
10470,Fujifilm EOS R,Camera,Mirrorless Camera,Fujifilm,56725500,75634000,25,671,4.2,2663,4265,579616,24472,7511,0.059,2,2,1,Black,677,54.3,51.6,203
10471,Garmin Advanced,Mobile,Smartwatch,Garmin,8190720,10112000,19,79,4.6,4402,17092,1798787,50201,15866,0.051,8,2,1,Red,3457,83.0,73.6,531
10472,DJI X,Camera,Action Camera,DJI,95606100,106229000,10,52,3.9,5072,6139,617194,14699,4049,0.075,4,5,1,Red,4234,49.8,53.0,405
10473,Nike Plus,Fashion,Backpack,Nike,5057250,6743000,25,1712,4.4,15465,14647,1361996,37253,30811,0.078,18,6,1,Black,3919,84.9,92.1,535
10474,Philips Advanced,Home Appliances,Vacuum Cleaner,Philips,36236700,40263000,10,163,4.4,18401,16938,1569564,83373,32294,0.067,12,5,1,Red,4016,84.2,95.2,746
10475,WD P5 Plus 27,Digital Products,SSD,WD,32080040,39122000,18,811,4.3,6527,15854,1270421,24751,25072,0.014,6,4,1,White,3479,77.1,79.2,1362
10476,Samsung Plus,Mobile,Tablet,Samsung,17218600,17570000,2,494,4.6,13262,8807,1818479,66094,35974,0.074,10,1,1,Red,4895,71.6,86.8,425
10477,Cambridge Premium,Books,Science Book,Cambridge,1926750,2569000,25,1515,4.4,14187,9943,1468744,96054,55491,0.042,15,4,1,Gray,4217,82.2,88.6,649
10478,Huawei Standard,Mobile,Smartwatch,Huawei,52229800,74614000,30,376,4.5,4344,13421,895332,32342,28207,0.022,7,4,1,Red,864,77.8,70.4,557
10479,SteelSeries M720 34,Digital Products,Mouse,SteelSeries,4962560,7754000,36,199,4.3,10516,17645,1398112,60088,15253,0.044,1,4,1,Black,3077,90.5,84.0,1226
10480,Pearson Pro,Books,Science Book,Pearson,2572799,3840000,33,362,4.5,4792,14045,1034931,64732,41146,0.055,3,6,1,White,2729,85.0,77.7,846
10481,Lenovo MacBook Air 10,Laptop,Ultrabook,Lenovo,21224960,33164000,36,2014,4.1,12631,26044,1666052,101745,44838,0.026,5,5,1,Silver,1901,93.5,84.4,2265
10482,Samsung Pro,Home Appliances,Refrigerator,Samsung,66257730,66927000,1,1292,4.3,9492,8682,1170159,63246,7440,0.027,19,2,1,Gold,4395,70.7,74.0,250
10483,Cambridge Standard,Books,Science Book,Cambridge,2750000,3125000,12,435,4.4,6701,6993,620034,35046,9334,0.068,4,2,1,Red,980,53.6,56.2,206
10484,HarperCollins Plus,Books,Novel,HarperCollins,419520,437000,4,691,4.4,4419,7824,1064778,65807,20566,0.03,11,4,1,Gold,3533,68.5,78.3,272
10485,Lenovo Premium,Mobile,Tablet,Lenovo,32196090,37007000,13,10,3.7,1085,1881,349749,23871,9225,0.032,13,1,1,Red,2939,38.0,35.4,101
10486,Beko Plus,Home Appliances,Washing Machine,Beko,35065550,48035000,27,10,4.2,10962,15643,1910279,72087,46521,0.024,17,1,1,Gold,396,83.8,83.9,612
10487,DXRacer Premium,Gaming,Gaming Chair,DXRacer,56376460,57527000,2,277,4.8,4295,13082,1553495,66408,46017,0.061,20,2,1,Green,1641,79.8,82.4,805
10488,8BitDo DualSense,Gaming,Game Controller,8BitDo,17342400,18065000,4,285,3.8,10683,6851,1376338,49151,27573,0.046,16,3,1,Silver,3182,61.5,82.7,234
10489,MSI Nitro 2,Laptop,Gaming Laptop,MSI,54060750,72081000,25,173,4.0,7906,12628,938105,31223,31275,0.067,7,7,0,Silver,1443,72.7,79.0,685
10490,Whirlpool Advanced,Home Appliances,Refrigerator,Whirlpool,60783850,63983000,5,549,4.6,7333,5623,709061,12059,20644,0.041,7,7,1,Gold,4519,49.9,70.0,171
10491,ASUS MacBook 3,Laptop,Laptop,ASUS,67856180,69241000,2,2,4.6,106,91,29072,1135,1134,0.071,17,4,1,Green,2735,11.0,17.2,7
10492,Razer Standard,Gaming,Gaming Chair,Razer,46727700,53710000,13,531,4.8,1190,3327,348513,15257,4236,0.044,20,3,1,Silver,2754,43.0,39.5,212
10493,No Starch Press Premium,Books,Programming Book,No Starch Press,1634640,1668000,2,29,4.3,1272,900,141109,3663,1169,0.07,20,2,1,Silver,2875,21.7,29.0,31
10494,8BitDo Xbox Wireless Controller,Gaming,Game Controller,8BitDo,69120480,78546000,12,104,4.3,5568,8662,1383294,65838,11902,0.06,5,7,1,Green,2754,74.0,76.0,559
10495,Packt Pro,Books,Programming Book,Packt,1259400,2099000,40,70,4.7,659,1615,192050,7902,961,0.063,17,7,1,Gold,2729,37.4,30.7,65
10496,Oxford Standard,Books,Science Book,Oxford,2460480,2796000,12,292,4.1,14922,16204,1852884,49591,20037,0.032,14,5,1,Blue,1035,82.6,86.2,495
10497,HarperCollins Premium,Books,Novel,HarperCollins,1658350,1951000,15,1077,5,10706,10347,1838223,45671,57291,0.025,7,1,1,Red,820,81.8,91.7,449
10498,Cougar Premium,Gaming,Gaming Chair,Cougar,6453600,10756000,40,3856,4.3,6693,22873,1477449,72971,57605,0.033,20,6,1,Gray,3928,100,81.7,1223
10499,Razer MX Keys 10,Digital Products,Keyboard,Razer,38822700,55461000,30,8,3.8,607,1558,118041,7340,1736,0.076,11,7,1,Red,1436,34.3,22.5,128
10500,Nike Pro,Fashion,Jacket,Nike,2599310,3661000,29,1035,4.5,3656,7256,1052275,31215,11617,0.087,14,2,1,Black,2599,72.4,70.2,337
10501,OReilly Pro,Books,Programming Book,OReilly,1305150,1695000,23,252,4.1,858,4133,389854,9478,2091,0.047,10,7,1,Silver,1137,39.7,34.7,141
10502,Adidas Suede,Fashion,Sneakers,Adidas,14526720,14976000,3,395,4.7,2843,3913,619017,24251,5097,0.11,17,4,1,Gray,350,51.1,52.6,104
10503,Puma Plus,Fashion,Jacket,Puma,4823740,6106000,21,118,3.8,4956,7327,1056972,45692,13080,0.103,17,6,1,Gold,1195,72.2,69.3,409
10504,Nikon Alpha,Camera,Mirrorless Camera,Nikon,45645800,49615000,8,95,4.1,3769,4545,702442,45422,8112,0.059,1,4,1,Gold,1479,56.6,57.3,177
10505,Sigma Advanced,Camera,Camera Lens,Sigma,11296590,18519000,39,2429,4.4,20741,18387,1840609,38527,36639,0.061,1,2,1,Blue,4939,98.2,100,813
10506,Logitech MX Master 7,Digital Products,Mouse,Logitech,39570750,52761000,25,352,5,9181,20367,1681345,61839,35510,0.063,10,3,1,Silver,1715,93.7,88.3,681
10507,Apple Advanced,Mobile,Tablet,Apple,18985500,21095000,10,793,4.1,9686,8696,1440795,51430,30576,0.037,5,3,1,Gray,3325,74.7,86.7,614
10508,Nike Advanced,Fashion,Backpack,Nike,6885000,8500000,19,513,4.4,2791,8969,1230330,78381,13823,0.068,1,5,1,Green,682,78.0,67.8,247
10509,Canon Premium,Camera,Camera Lens,Canon,45616320,47517000,4,108,4.1,3742,4995,811710,54811,9158,0.034,15,7,1,White,3363,61.5,56.8,172
10510,Manning Premium,Books,Programming Book,Manning,2745000,3660000,25,1028,3.9,3973,7643,635841,35488,5759,0.062,12,7,1,Red,4432,64.7,48.0,222
10511,Lenovo Inspiron 32,Laptop,Laptop,Lenovo,93457920,97352000,4,375,4.5,7075,5348,1080315,19089,16053,0.018,2,5,1,Blue,2843,58.9,75.6,350
10512,Sony Premium,Camera,Camera Lens,Sony,89376000,93100000,4,5,3.8,598,573,75190,2605,472,0.023,18,1,1,Gray,4092,16.1,17.7,41
10513,OReilly Advanced,Books,Programming Book,OReilly,3253000,3253000,0,618,4.8,13832,5763,1278406,46029,50253,0.025,14,4,1,Blue,699,69.2,91.0,118
10514,Secretlab Pro,Gaming,Gaming Chair,Secretlab,47024370,54051000,13,343,4.2,4340,4502,451826,17635,14070,0.015,2,5,1,Gray,2384,40.2,46.5,80
10515,Nintendo DualSense,Gaming,Game Controller,Nintendo,32988730,34009000,3,673,4.2,7255,10586,1487398,80560,50488,0.061,18,4,1,Black,2859,70.4,79.6,422
10516,Beko Advanced,Home Appliances,Washing Machine,Beko,62813000,62813000,0,542,4.4,13790,15881,1787885,34548,39385,0.031,12,3,1,Red,3748,76.7,86.1,693
10517,Nike Advanced,Fashion,Jacket,Nike,7308160,9616000,24,56,4.0,2850,4335,492740,33104,4593,0.056,19,3,1,Gray,3335,50.8,42.1,164
10518,Nikon X-T,Camera,Mirrorless Camera,Nikon,46235520,67008000,31,819,4.6,9934,8474,1038240,31921,38787,0.036,10,1,1,Red,1250,79.0,87.3,249
10519,Adidas Pro,Fashion,Jacket,Adidas,10319830,10639000,3,291,3.4,10227,6435,1279146,70696,48725,0.1,16,6,1,Red,236,66.8,84.5,307
10520,ASUS UltraGear 4,Digital Products,Monitor,ASUS,20316160,31744000,36,940,3.4,7726,13040,1932785,43092,14048,0.03,8,6,1,Silver,1498,88.3,72.9,354
10521,Keychron MX Keys 2,Digital Products,Keyboard,Keychron,49860000,49860000,0,2200,3.9,9516,11444,1420004,51393,46017,0.067,4,6,1,Black,3642,70.8,84.3,329
10522,Lenovo Standard,Mobile,Tablet,Lenovo,59766070,65677000,9,369,4.5,791,2176,260666,16054,8218,0.053,6,3,1,Red,1212,36.1,35.8,55
10523,Acer Legion 34,Laptop,Gaming Laptop,Acer,50833320,54078000,6,295,3.7,13006,11537,1445844,66874,37309,0.058,1,2,1,Red,2292,70.8,87.8,484
10524,Nintendo Switch OLED,Gaming,Game Console,Nintendo,21412020,21849000,2,151,4.5,6498,5343,613566,17886,7962,0.069,19,1,1,Green,3957,47.2,53.8,165
10525,DJI Osmo Action,Camera,Action Camera,DJI,174408640,177968000,2,76,3.9,6390,5328,1102001,57062,8007,0.068,9,5,1,White,1663,62.7,70.9,392
10526,Bosch Pro,Home Appliances,Washing Machine,Bosch,52274040,62231000,16,325,4.3,10574,17857,1997047,37336,48657,0.023,2,4,1,Silver,2054,81.2,87.3,1169
10527,OReilly Standard,Books,Programming Book,OReilly,2067990,2377000,13,31,4.3,2146,1334,192094,12454,1851,0.02,19,7,1,Gold,855,29.0,31.4,52
10528,ASUS Katana 5,Laptop,Gaming Laptop,ASUS,29119200,33090000,12,453,3.7,3603,3195,451374,14217,2408,0.03,7,5,1,Gold,1102,35.8,39.7,105
10529,HarperCollins Advanced,Books,Novel,HarperCollins,1607519,2364000,32,3,4.0,3675,6804,522736,25836,4653,0.038,11,5,1,Gray,1514,51.6,45.1,325
10530,Logitech BlackWidow 5,Digital Products,Keyboard,Logitech,18629480,20932000,11,158,4.7,6490,7526,671621,27505,19454,0.079,11,2,1,Green,1457,60.2,64.5,251
10531,Samsonite Plus,Fashion,Backpack,Samsonite,4325400,4806000,10,805,4.5,9092,12246,1796160,98733,61110,0.093,14,1,1,Green,503,82.2,83.2,979
10532,Samsung Plus,Mobile,Smartwatch,Samsung,39883200,41545000,4,440,4.0,1753,5412,783734,30183,14408,0.049,20,5,1,Blue,925,49.5,55.5,350
10533,Xiaomi Premium,Mobile,Smartwatch,Xiaomi,39117120,40747000,4,483,4.2,3259,8226,1272852,43083,30327,0.038,5,6,1,Green,1293,71.7,76.6,406
10534,Insta360 X,Camera,Action Camera,Insta360,67514400,84393000,20,184,4.2,2868,3173,295081,5529,9592,0.058,15,6,1,Gray,2681,35.2,36.5,136
10535,DXRacer Plus,Gaming,Gaming Chair,DXRacer,17116260,20622000,17,111,4.0,2224,7741,896677,39509,33136,0.047,2,5,1,Red,4463,67.3,69.7,478
10536,Dell EliteBook 65,Laptop,Ultrabook,Dell,130288950,131605000,1,567,4.5,12935,8473,1935116,98225,22604,0.057,15,4,1,Gray,2453,65.2,87.9,303
10537,New Balance Suede,Fashion,Sneakers,New Balance,507360,604000,16,468,4.5,5131,8299,818279,23923,10474,0.037,7,7,1,Red,4775,59.8,66.9,231
10538,OnePlus 14,Mobile,Smartphone,OnePlus,16224100,17078000,5,238,4.3,7468,3408,661808,33884,7981,0.069,7,7,1,Gray,206,45.2,62.6,69
10539,LG Premium,Home Appliances,Air Conditioner,LG,62082520,67481000,8,83,4.4,1401,3486,431742,29491,9815,0.061,7,1,0,Red,2645,40.7,39.7,78
10540,ASUS ROG 10,Laptop,Gaming Laptop,ASUS,115279680,125304000,8,1335,3.8,5397,8212,1798793,62636,28509,0.092,10,2,0,White,2696,73.4,72.6,618
10541,Apple A56,Mobile,Smartphone,Apple,9030700,9215000,2,158,4.6,781,2690,327148,15634,4038,0.019,14,7,1,Gray,172,36.9,39.2,179
10542,Lenovo Pavilion 5,Laptop,Laptop,Lenovo,55306720,60116000,8,481,4.6,8684,7492,783123,23168,12715,0.013,2,6,1,Green,1290,58.6,70.8,401
10543,Canon D,Camera,DSLR Camera,Canon,25132140,25386000,1,121,3.9,10960,7533,998092,39148,34925,0.021,16,3,1,Red,497,64.0,86.2,393
10544,Razer MX Keys 32,Digital Products,Keyboard,Razer,5469360,7012000,22,336,4.4,6440,4297,592525,12317,7654,0.069,15,6,1,Blue,1128,48.3,53.9,136
10545,Nike Plus,Fashion,Backpack,Nike,3484000,3484000,0,643,4.9,4818,9068,1331416,43589,33316,0.093,19,4,1,Silver,3762,71.0,81.0,196
10546,GoPro Osmo Action,Camera,Action Camera,GoPro,70117920,97386000,28,1076,4.4,9939,13927,1022557,41001,8566,0.046,3,7,1,Black,4500,80.6,75.7,618
10547,Microsoft Xbox Series X,Gaming,Game Console,Microsoft,58529380,64318000,9,1393,4.9,13889,22744,1970876,72657,74782,0.065,8,7,1,Red,4355,89.1,89.2,1686
10548,Canon D,Camera,DSLR Camera,Canon,49118850,49615000,1,553,4.7,2904,3203,347862,21651,4494,0.078,20,4,1,Blue,400,39.6,43.2,125
10549,Oxford Plus,Books,Science Book,Oxford,2657000,2657000,0,71,4.2,2156,2137,527575,29196,13605,0.068,5,4,1,Silver,3255,42.4,48.9,68
10550,Dell ThinkPad 10,Laptop,Laptop,Dell,28222740,36183000,22,44,3.8,14067,12727,1229283,28705,25222,0.051,4,5,1,White,3029,73.6,85.7,893
10551,Bose QuietComfort 2,Digital Products,Headphones,Bose,18061400,25802000,30,460,4.6,4209,7354,536222,33885,15657,0.037,17,1,1,Red,303,63.5,54.3,721
10552,Lenovo TUF Gaming 27,Laptop,Gaming Laptop,Lenovo,82232950,86561000,5,497,4.6,14500,7002,1399255,96646,11065,0.068,19,4,1,Green,2188,65.5,87.5,424
10553,Eastpak Pro,Fashion,Backpack,Eastpak,10253430,10357000,1,1236,4.5,13638,10389,1758344,37735,55811,0.038,14,7,1,Black,2895,70.9,89.6,502
10554,Eastpak Pro,Fashion,Backpack,Eastpak,3513930,4039000,13,7,3.5,424,354,51134,1692,778,0.069,9,3,1,Red,2936,22.7,15.1,11
10555,Sony Switch OLED,Gaming,Game Console,Sony,63687560,76732000,17,1515,4.0,15779,11518,1553870,95500,54358,0.034,8,3,1,White,790,79.2,89.2,484
10556,Cougar Advanced,Gaming,Gaming Chair,Cougar,35403120,49171000,28,317,4.5,10550,12319,1879087,44641,20480,0.012,17,6,1,Blue,4636,83.7,82.2,762
10557,Adidas Advanced,Fashion,Jacket,Adidas,8675260,9229000,6,42,4.4,3231,1703,279488,16713,10078,0.097,11,2,1,Black,2064,31.2,38.9,55
10558,Samsung Premium,Home Appliances,Washing Machine,Samsung,68342400,94920000,28,424,4.2,648,3461,305377,8673,1748,0.093,18,5,0,Silver,3427,36.7,32.1,168
10559,Samsonite Advanced,Fashion,Backpack,Samsonite,9973990,13663000,27,252,3.8,10289,12181,905032,29511,15835,0.089,18,5,1,Gold,4435,72.5,76.5,765
10560,Daikin Standard,Home Appliances,Air Conditioner,Daikin,119656000,119656000,0,229,4.8,8281,12329,1298230,61676,9429,0.059,18,6,1,Red,3954,78.5,74.9,572
10561,DXRacer Standard,Gaming,Gaming Chair,DXRacer,63091210,69331000,9,1167,5,6657,15260,1603489,63924,38233,0.063,17,4,1,Red,105,87.2,79.7,1065
10562,Apple EliteBook 10,Laptop,Ultrabook,Apple,113417360,115732000,2,83,3.9,1833,1883,408645,19649,12896,0.036,16,6,1,White,1485,37.5,41.2,117
10563,No Starch Press Plus,Books,Programming Book,No Starch Press,935750,985000,5,324,4.1,2606,1993,372557,9370,7097,0.056,3,3,1,White,4341,29.2,41.8,39
10564,Lenovo VivoBook 2,Laptop,Laptop,Lenovo,19579500,20610000,5,386,3.6,1463,5255,642781,41641,15888,0.018,20,4,1,Silver,2514,46.0,51.9,114
10565,Penguin Standard,Books,Novel,Penguin,1021680,1419000,28,596,4.4,6888,12332,933955,63221,35419,0.075,4,3,1,Gray,866,81.8,79.1,1308
10566,Nike Standard,Fashion,Jacket,Nike,1477680,1572000,6,15,4.3,2619,6825,767414,52047,17018,0.088,16,7,1,White,4308,56.5,61.9,484
10567,Adidas Advanced,Fashion,Backpack,Adidas,5633040,5748000,2,287,4.6,10031,6841,1601722,62359,12627,0.106,16,5,1,Gold,2402,70.8,81.7,262
10568,Secretlab Advanced,Gaming,Gaming Chair,Secretlab,9930800,11285000,12,175,5,1160,902,99501,3598,1722,0.076,14,6,1,Gray,4217,23.5,28.1,60
10569,Dyson Plus,Home Appliances,Vacuum Cleaner,Dyson,72668520,74916000,3,1350,4.2,7812,7436,1343560,86683,12188,0.072,11,2,0,Silver,3095,72.2,74.8,189
10570,Nintendo DualSense,Gaming,Game Controller,Nintendo,37473440,40732000,8,31,4.2,135,166,21948,828,323,0.053,9,5,1,Green,392,18.7,17.7,8
10571,MSI Pavilion 3,Laptop,Laptop,MSI,38749040,44033000,12,133,4.6,3096,3038,351493,23263,6656,0.04,4,7,1,Silver,1454,39.6,40.3,95
10572,HP IdeaPad 65,Laptop,Laptop,HP,68738080,70864000,3,905,4.2,14294,9539,1599665,29924,32406,0.069,20,7,1,Silver,1961,68.9,86.0,136
10573,Microsoft Xbox Series X,Gaming,Game Console,Microsoft,20657339,31299000,34,112,4.1,584,1005,118838,2198,1359,0.009,1,7,1,Silver,4978,31.2,23.4,36
10574,HP Nitro 2,Laptop,Gaming Laptop,HP,78841620,101079000,22,390,4.4,17207,10064,1519004,53727,15223,0.006,1,5,1,Green,1590,82.6,91.3,221
10575,Vintage Premium,Books,Novel,Vintage,2010400,2513000,20,313,3.7,7165,9817,811609,39520,13862,0.024,15,5,1,Silver,1232,65.1,66.7,708
10576,Logitech Rival 34,Digital Products,Mouse,Logitech,20041980,20451000,2,320,4.5,5890,9121,965047,61173,33592,0.05,12,2,0,Green,3472,69.0,78.4,635
10577,Adidas Ultraboost,Fashion,Sneakers,Adidas,3162120,4054000,22,1672,4.5,10247,12137,1192493,58477,43540,0.107,12,6,1,Green,1207,81.6,86.2,711
10578,Adidas Ultraboost,Fashion,Sneakers,Adidas,5247840,6032000,13,26,5.0,2829,3990,329164,21903,6620,0.046,13,5,1,Blue,4665,43.5,41.7,258
10579,Canon Plus,Camera,Camera Lens,Canon,128801950,135581000,5,220,4.3,16207,9000,1957185,33157,16434,0.032,2,3,1,Red,2972,64.7,85.1,292
10580,Sigma Advanced,Camera,Camera Lens,Sigma,51774720,53932000,4,39,3.9,2138,1013,213359,5075,7642,0.016,14,2,1,Gold,2353,24.8,33.7,73
10581,OReilly Plus,Books,Programming Book,OReilly,2988000,3320000,10,20,4.3,8886,8334,1000589,60022,37605,0.035,16,6,1,Red,746,75.9,79.9,193
10582,JBL QuietComfort 7,Digital Products,Headphones,JBL,34618060,47422000,27,1711,4.4,4670,10566,1650072,79458,54412,0.073,6,3,1,Silver,442,79.3,78.6,887
10583,Samsung Advanced,Mobile,Smartwatch,Samsung,38662260,42486000,9,159,4.2,10856,5942,908461,46438,25509,0.025,1,6,1,Blue,3168,61.5,79.5,253
10584,Puma Standard,Fashion,Jacket,Puma,8691000,14485000,40,1001,4.5,5408,13086,890770,30123,33850,0.037,10,3,1,Gold,744,85.1,78.2,1363
10585,JBL WH 4,Digital Products,Headphones,JBL,25017300,25270000,1,288,4.5,12762,9938,1199879,18634,6564,0.02,5,5,1,Gold,349,67.9,78.0,247
10586,Lenovo MacBook 3,Laptop,Laptop,Lenovo,18657730,20503000,9,974,3.7,6228,8683,1438309,25529,11189,0.039,7,6,0,Gray,3021,63.3,72.7,452
10587,Apple S24,Mobile,Smartphone,Apple,41655880,42506000,2,466,4.1,3684,9307,1137153,64694,13176,0.031,6,4,1,Blue,226,68.8,71.5,229
10588,Bosch Advanced,Home Appliances,Refrigerator,Bosch,106689660,108867000,2,20,4.2,340,924,129725,4401,3976,0.076,15,1,0,White,2658,20.8,27.7,35
10589,Lenovo Yoga 15,Laptop,Ultrabook,Lenovo,51542260,66938000,23,353,4.1,6946,7533,1008074,45388,31324,0.072,12,4,1,Gold,2428,78.7,82.9,611
10590,Packt Premium,Books,Programming Book,Packt,2291310,3637000,37,57,4.5,6218,24411,1832072,59395,72626,0.016,14,7,1,Gray,1287,98.3,78.2,681
10591,Canon D,Camera,DSLR Camera,Canon,108604580,110821000,2,654,4.7,7445,11530,1740670,72689,52795,0.044,16,6,1,White,437,78.8,84.8,516
10592,Manning Premium,Books,Programming Book,Manning,189720,306000,38,132,4.2,4751,14870,1324869,65813,38344,0.036,17,3,1,Red,1099,89.1,81.5,377
10593,Philips Advanced,Home Appliances,Vacuum Cleaner,Philips,60503300,93082000,35,647,4.4,7765,8167,999137,33179,11793,0.012,19,2,1,Silver,2090,78.0,76.0,186
10594,Kingston 990 Pro 16,Digital Products,SSD,Kingston,29676600,32974000,10,1131,3.9,20605,13412,1888839,127883,27029,0.041,5,3,1,Black,3930,74.7,95.7,529
10595,SteelSeries Rival 9,Digital Products,Mouse,SteelSeries,27090779,40434000,33,399,4.5,4863,5707,420052,20106,3869,0.016,17,7,1,Silver,3130,51.0,46.8,114
10596,Google A35,Mobile,Smartphone,Google,50685300,56317000,10,643,3.8,22768,10108,1908502,75514,35060,0.006,4,3,1,Silver,240,73.9,93.5,460
10597,Lenovo Advanced,Mobile,Tablet,Lenovo,25250050,26579000,5,1158,4.2,9586,11455,1511500,49597,16974,0.01,11,5,1,Black,4241,69.3,81.2,223
10598,Apple Tune 32,Digital Products,Headphones,Apple,16038990,16201000,1,558,4.4,8864,5946,756139,25405,14701,0.062,2,5,1,Green,259,53.0,64.3,141
10599,Sony PlayStation 5,Gaming,Game Console,Sony,78096000,78096000,0,1025,4.4,3269,6233,1348764,36477,17727,0.036,11,3,1,Green,207,63.4,70.9,115
10600,HP VivoBook 2,Laptop,Laptop,HP,45950840,47372000,3,336,4.1,2136,6041,1031176,55271,26145,0.062,13,2,1,Black,2252,63.6,71.8,253
10601,Microsoft Xbox Wireless Controller,Gaming,Game Controller,Microsoft,36384390,39123000,7,42,4.3,10962,9273,1364619,69360,31267,0.021,13,7,1,Silver,1689,74.7,87.8,340
10602,8BitDo DualSense,Gaming,Game Controller,8BitDo,30555270,35121000,13,1762,4.4,19359,9447,1855180,49949,10822,0.041,11,2,1,Green,2731,74.5,89.5,716
10603,Secretlab Pro,Gaming,Gaming Chair,Secretlab,12768859,19058000,33,653,4.4,3777,19409,1788702,53809,8944,0.027,4,1,1,Silver,3516,97.3,69.3,857
10604,Xiaomi A56,Mobile,Smartphone,Xiaomi,38191500,42435000,10,2792,4.3,21264,20371,1955560,115437,23786,0.025,1,4,1,White,161,88.9,94.8,1545
10605,Huawei Premium,Mobile,Smartwatch,Huawei,12546380,16294000,23,3,4.4,1859,3084,321982,5487,6483,0.077,19,1,1,Blue,2356,40.2,34.2,123
10606,Beko Pro,Home Appliances,Washing Machine,Beko,95220000,95220000,0,48,4.6,12234,7727,1181641,46017,45286,0.059,10,3,1,Red,3787,70.9,89.0,335
10607,SteelSeries Rival 4,Digital Products,Mouse,SteelSeries,35718080,38824000,8,884,4.9,3409,9062,980885,51002,35439,0.056,3,5,1,Gray,2776,77.6,79.2,430
10608,Apple Standard,Mobile,Tablet,Apple,46446400,52780000,12,3377,4.2,16490,19293,1745357,107881,43772,0.046,13,1,1,White,4157,86.7,92.6,904
10609,Corsair K8 3,Digital Products,Keyboard,Corsair,17040870,22131000,23,217,3.7,12088,13474,1671747,100413,21176,0.042,8,6,1,Gray,1592,83.7,85.1,1174
10610,Lenovo XPS 34,Laptop,Ultrabook,Lenovo,70300800,73230000,4,7,4.9,3259,2038,439316,8923,14720,0.035,7,2,1,White,1374,33.4,52.0,83
10611,8BitDo Xbox Wireless Controller,Gaming,Game Controller,8BitDo,30704950,32321000,5,31,4.0,10585,5482,1299177,22479,28837,0.076,9,6,1,Green,4465,62.9,83.2,303
10612,Manning Pro,Books,Programming Book,Manning,3144750,4193000,25,48,4.1,1232,2121,182592,8199,1443,0.069,15,4,1,Silver,4994,37.2,22.9,93
10613,LG Pro,Home Appliances,Air Conditioner,LG,97637400,99630000,2,1097,4.3,12782,9791,1809748,34024,20528,0.03,2,3,1,Gold,1474,71.7,83.4,224
10614,Dell MacBook Air 5,Laptop,Ultrabook,Dell,74043550,83195000,11,4,4.2,73,51,12438,695,346,0.017,6,2,1,Gold,2036,19.5,20.0,3
10615,Samsung P5 Plus 15,Digital Products,SSD,Samsung,18125900,24830000,27,570,4.7,8064,9494,902219,45034,7868,0.015,14,1,1,Blue,2979,76.4,72.2,428
10616,Samsung 14T,Mobile,Smartphone,Samsung,26636060,32483000,18,1344,4.4,8048,8367,936043,42145,22940,0.033,6,5,1,Black,179,68.6,75.8,539
10617,OnePlus S25,Mobile,Smartphone,OnePlus,77536000,77536000,0,438,4.4,8193,13370,1846800,76497,23038,0.041,4,2,1,White,168,76.6,83.4,351
10618,Dell XPS 27,Laptop,Ultrabook,Dell,109250920,118751000,8,328,4.0,7372,6121,1312527,35955,18620,0.041,13,1,1,Red,2700,64.3,79.1,206
10619,Adidas Plus,Fashion,Backpack,Adidas,9075440,10313000,12,40,4.4,2408,11232,1043064,19451,8312,0.106,12,3,1,Gold,2847,68.7,68.7,393
10620,Springer Premium,Books,Science Book,Springer,2931390,2961000,1,277,3.9,12074,4042,1027424,45515,27301,0.067,10,5,1,Red,2705,65.3,85.3,123
10621,Puma Standard,Fashion,Jacket,Puma,6029640,7444000,19,277,4.4,1341,4206,395504,22680,6061,0.054,18,3,1,Gold,4815,44.2,36.0,255
10622,Nikon D,Camera,DSLR Camera,Nikon,67323630,72391000,7,517,3.6,7081,7173,1504244,69571,35814,0.075,4,4,1,Green,306,63.1,80.7,205
10623,Cougar Plus,Gaming,Gaming Chair,Cougar,39825000,39825000,0,13,4.0,2764,3832,897467,35041,14323,0.037,2,7,1,White,4543,55.6,61.6,84
10624,Huawei Pro,Mobile,Smartwatch,Huawei,9198090,9291000,1,769,4.0,12045,6254,1309877,40121,17583,0.077,9,5,1,Silver,1292,58.4,82.6,301
10625,Nike Ultraboost,Fashion,Sneakers,Nike,1733910,1993000,13,339,4.6,8841,8557,1288428,26106,44564,0.068,6,2,1,Black,2006,71.3,83.9,716
10626,LG Premium,Home Appliances,Refrigerator,LG,94073980,103378000,9,139,4.3,2966,2184,315881,11417,8379,0.02,7,6,1,Red,2688,27.6,38.0,85
10627,Apple Soundcore 4,Digital Products,Headphones,Apple,48250320,52446000,8,12,4.2,2053,3657,457528,14177,5985,0.007,19,2,1,White,411,41.2,38.1,172
10628,Eastpak Premium,Fashion,Backpack,Eastpak,1788150,1965000,9,299,4.6,3131,5710,730791,25696,29157,0.104,17,5,1,Silver,347,59.8,63.8,308
10629,ASUS MacBook Air 7,Laptop,Ultrabook,ASUS,26741440,30388000,12,266,4.0,5669,3272,535578,16237,19847,0.006,3,2,1,Black,1820,40.5,53.6,118
10630,LG Pro,Home Appliances,Refrigerator,LG,32590080,45264000,28,136,4.4,2754,3561,375325,21711,9146,0.009,6,2,1,Red,1457,48.3,41.1,77
10631,Logitech K8 4,Digital Products,Keyboard,Logitech,55152440,56278000,2,663,4.0,17771,13302,1807591,73085,37820,0.035,20,7,1,Green,1163,69.4,92.9,827
10632,Eastpak Standard,Fashion,Backpack,Eastpak,4660520,6298000,26,1030,4.1,11126,12342,1211546,68105,37929,0.066,16,2,1,Silver,651,83.5,84.2,503
10633,Puma Pro,Fashion,Jacket,Puma,5031170,5653000,11,2658,4.7,13197,16197,1574017,36350,55534,0.063,10,4,1,Black,1910,84.8,88.3,767
10634,Samsung Premium,Home Appliances,Air Conditioner,Samsung,16060800,16730000,4,98,4.3,3353,1355,305714,20101,4689,0.01,14,1,1,Red,4248,31.3,33.0,111
10635,Nikon EOS,Camera,DSLR Camera,Nikon,6538800,10898000,40,171,4.3,796,3382,306556,13188,8299,0.062,20,4,1,Red,883,44.2,37.2,259
10636,Nike Standard,Fashion,Backpack,Nike,9452880,12438000,24,900,3.9,2837,9099,1061549,72447,39970,0.036,9,2,1,Silver,813,78.2,72.4,241
10637,Keychron G915 5,Digital Products,Keyboard,Keychron,20561910,28167000,27,1087,4.6,8432,12883,1852634,121132,9299,0.072,16,7,1,Gold,1406,89.3,77.0,333
10638,Nikon Standard,Camera,Camera Lens,Nikon,134349750,154425000,13,2415,4.7,19179,16704,1890717,62739,53456,0.028,17,6,1,Silver,1903,88.0,97.2,710
10639,Puma Suede,Fashion,Sneakers,Puma,1593240,2244000,29,2071,4.4,12584,16784,1164448,33397,42713,0.105,12,4,1,Green,4691,85.0,85.0,532
10640,ASUS Katana 10,Laptop,Gaming Laptop,ASUS,115416210,126831000,9,251,4.9,5851,4980,869188,14500,32869,0.03,13,5,1,Green,2063,55.5,76.9,124
10641,Nike Air Max,Fashion,Sneakers,Nike,1349040,1848000,27,0,4.5,200,202,18304,1215,599,0.062,1,4,1,Gray,2437,29.6,18.2,15
10642,HP Inspiron 9,Laptop,Laptop,HP,33103000,33103000,0,1600,4.6,3452,10799,1222853,21000,6123,0.024,16,1,1,Blue,1393,69.8,68.0,223
10643,HP Legion 32,Laptop,Gaming Laptop,HP,57184000,57184000,0,821,4.2,12024,9366,1787601,71303,68482,0.029,14,7,0,Blue,2437,66.4,86.5,406
10644,Lenovo Pavilion 4,Laptop,Laptop,Lenovo,30866160,39572000,22,125,4.5,5753,6826,592893,31319,14985,0.009,18,6,1,Silver,3038,58.9,55.8,295
10645,Microsoft Xbox Wireless Controller,Gaming,Game Controller,Microsoft,53916640,65752000,18,1160,4.4,5418,8849,834096,49935,25927,0.071,6,1,1,Gray,2102,69.3,70.4,632
10646,Daikin Plus,Home Appliances,Air Conditioner,Daikin,102384520,104474000,2,0,3.6,787,593,81133,4035,2425,0.026,4,4,1,Silver,1779,12.4,21.3,37
10647,Adidas Premium,Fashion,Backpack,Adidas,8259300,13110000,37,36,5,13278,20334,1678807,51976,66963,0.078,14,5,1,White,3937,100,90.9,1432
10648,Nikon D,Camera,DSLR Camera,Nikon,58100389,86717000,33,1086,4.5,4267,16442,1787618,49375,65522,0.026,8,1,1,Gold,789,90.3,77.8,1708
10649,Puma Air Max,Fashion,Sneakers,Puma,5181600,8636000,40,181,3.9,4389,4858,448062,27796,16756,0.105,18,6,1,Green,702,52.3,44.8,226
10650,Nintendo Xbox Series X,Gaming,Game Console,Nintendo,35601240,38697000,8,1110,4.2,11905,17045,1900424,104720,33542,0.065,18,6,1,Gray,1044,85.4,82.7,579
10651,Sony Xbox Series X,Gaming,Game Console,Sony,48255200,49240000,2,188,4.5,11421,13422,1606917,66636,42587,0.078,12,2,1,Silver,4517,80.5,89.1,961
10652,HP ThinkPad 9,Laptop,Laptop,HP,36094080,41016000,12,199,3.9,10629,12310,1446548,59782,54050,0.057,14,1,1,Green,1969,73.3,84.9,568
10653,Gree Premium,Home Appliances,Air Conditioner,Gree,43353390,52233000,17,173,4.4,1622,4234,418070,19399,2340,0.014,14,6,1,Red,3846,39.2,42.0,247
10654,Dell AGON 16,Digital Products,Monitor,Dell,36279000,48372000,25,108,4.2,2075,2137,251640,4224,8614,0.08,10,1,1,Black,2509,35.9,37.6,159
10655,8BitDo DualSense,Gaming,Game Controller,8BitDo,69372420,74594000,7,1907,4.2,2328,8864,1045483,72105,17220,0.014,17,5,1,White,3019,67.4,74.2,499
10656,Samsung Pro,Home Appliances,Refrigerator,Samsung,43930850,46243000,5,1217,4.6,11970,14651,1595665,71440,55966,0.061,18,6,1,Green,383,77.1,91.4,308
10657,Sony AirPods 2,Digital Products,Headphones,Sony,5226669,7801000,33,20,4.0,665,1030,89681,2648,2302,0.067,11,2,1,White,188,29.0,23.5,32
10658,LG Standard,Home Appliances,Air Conditioner,LG,39407780,45823000,14,397,4.4,14947,8426,1531109,38760,36998,0.024,7,7,1,Red,1165,70.8,92.0,581
10659,HP Yoga 27,Laptop,Ultrabook,HP,88405480,99332000,11,85,4.1,1090,2076,240856,5310,2758,0.021,8,2,1,Silver,2123,31.0,31.4,101
10660,Apple XPS 32,Laptop,Ultrabook,Apple,24508490,34519000,29,7,4.4,180,201,29356,991,606,0.051,12,3,0,Green,2226,25.0,17.0,11
10661,Gree Advanced,Home Appliances,Air Conditioner,Gree,67337000,67337000,0,1,4.1,67,26,6911,420,215,0.039,10,2,1,Gray,3541,15.3,16.7,1
10662,Secretlab Premium,Gaming,Gaming Chair,Secretlab,25068000,31335000,20,136,4.4,6013,5352,578507,39334,8352,0.013,1,7,1,Gold,3200,52.7,57.5,331
10663,Insta360 HERO,Camera,Action Camera,Insta360,54684569,79253000,31,250,4.5,2387,9581,1083638,50057,38976,0.057,18,7,1,Gray,4121,86.9,72.0,814
10664,Samsonite Pro,Fashion,Backpack,Samsonite,8129570,8381000,3,51,3.7,2126,1621,227970,12458,4529,0.099,13,6,1,Red,837,23.5,30.2,92
10665,Canon Standard,Camera,Camera Lens,Canon,84911340,95406000,11,119,4.4,2497,6757,904001,41659,8854,0.08,14,5,0,White,890,67.6,68.2,257
10666,Dyson Pro,Home Appliances,Vacuum Cleaner,Dyson,43614000,43614000,0,382,4.3,7508,10186,1232576,85691,33902,0.008,11,2,1,White,2100,73.5,81.9,561
10667,Secretlab Pro,Gaming,Gaming Chair,Secretlab,49799520,69166000,28,89,4.5,1363,5154,454236,19397,5917,0.019,12,3,1,Gray,270,52.6,46.0,337
10668,Logitech BlackWidow 5,Digital Products,Keyboard,Logitech,53365520,55016000,3,46,3.6,1379,1845,278641,5118,5776,0.006,7,3,1,Blue,3587,21.5,27.1,110
10669,Canon X-T,Camera,Mirrorless Camera,Canon,36084510,36449000,1,142,4.3,1020,1734,330873,9135,11064,0.077,17,5,1,Red,1227,25.4,41.0,80
10670,New Balance Suede,Fashion,Sneakers,New Balance,5445120,5672000,4,197,4.5,5063,2416,449599,26484,15397,0.063,18,4,0,White,1088,43.1,47.5,163
10671,Springer Pro,Books,Science Book,Springer,4354140,4443000,2,1131,4.3,20356,15854,1837183,78930,48210,0.042,3,3,1,White,2177,76.1,97.6,804
10672,Samsung Pro,Home Appliances,Washing Machine,Samsung,76331220,77889000,2,168,4.5,2519,7511,928170,50725,22401,0.059,9,7,1,Black,144,68.9,72.6,479
10673,MSI Nitro 3,Laptop,Gaming Laptop,MSI,24664000,30830000,20,105,4.5,9922,11787,1008768,45038,18161,0.066,5,3,1,White,3164,81.2,83.5,361
10674,Cambridge Standard,Books,Science Book,Cambridge,810460,827000,2,1038,4.3,16657,9716,1729301,73629,56359,0.012,14,4,1,Black,72,72.4,96.1,378
10675,Secretlab Premium,Gaming,Gaming Chair,Secretlab,47421960,54508000,13,43,3.8,3522,2452,495012,34396,8877,0.047,19,4,1,Black,3898,39.1,42.5,112
10676,Canon EOS R,Camera,Mirrorless Camera,Canon,24662880,24912000,1,569,4.6,4155,14398,1682402,36562,31475,0.02,17,6,1,Blue,663,75.0,78.4,865
10677,Whirlpool Advanced,Home Appliances,Refrigerator,Whirlpool,40914020,41749000,2,78,4.5,1210,1046,137927,7576,3208,0.037,14,3,1,Silver,3488,24.5,23.8,68
10678,Lenovo ROG 15,Laptop,Gaming Laptop,Lenovo,134484000,134484000,0,775,4.6,4025,4775,818775,56513,15266,0.019,10,7,1,Gray,2751,61.3,67.1,180
10679,LG Premium,Home Appliances,Refrigerator,LG,56476550,59449000,5,2993,4.2,12889,15410,1661641,99382,37690,0.01,4,3,1,Gray,2306,77.1,91.7,742
10680,Nikon Alpha,Camera,Mirrorless Camera,Nikon,81850540,84382000,3,1202,4.6,8000,10239,1922510,131375,65053,0.04,11,6,1,Silver,589,75.8,80.1,585
10681,Apple EliteBook 5,Laptop,Ultrabook,Apple,44376000,51600000,14,35,4.1,4429,6852,1323537,66734,52915,0.083,3,1,0,Gold,2441,76.0,73.7,592
10682,Apple S24,Mobile,Smartphone,Apple,6889200,11482000,40,134,3.9,488,769,62152,2076,1213,0.05,1,2,1,Red,210,31.6,19.4,63
10683,Adidas 574,Fashion,Sneakers,Adidas,5547950,6527000,15,587,4.4,3709,6407,725679,13715,6756,0.11,4,5,1,Silver,3302,55.3,55.9,108
10684,Samsung Plus,Home Appliances,Washing Machine,Samsung,76973440,89504000,14,4,4.4,849,2467,310631,12369,5197,0.042,10,2,1,Green,401,38.2,35.4,154
10685,The North Face Pro,Fashion,Jacket,The North Face,7206400,9008000,20,26,4.3,2562,2959,244844,16315,9312,0.051,12,4,1,White,273,34.8,36.0,81
10686,Corsair K70 9,Digital Products,Keyboard,Corsair,3031920,4211000,28,1562,3.9,8013,11878,1068109,41649,9406,0.028,18,6,1,Silver,4346,83.7,72.1,832
10687,Xiaomi Plus,Mobile,Smartwatch,Xiaomi,50789760,52906000,4,629,4.8,9372,5698,1000604,44100,19272,0.079,4,1,1,Red,3748,68.8,78.5,382
10688,Lenovo Nitro 4,Laptop,Gaming Laptop,Lenovo,142547000,142547000,0,861,3.7,11331,6529,950736,44741,10264,0.048,20,5,1,Blue,2968,57.4,75.3,157
10689,Bosch Standard,Home Appliances,Washing Machine,Bosch,22553280,23493000,4,94,4.0,13265,7913,1620129,111168,19126,0.007,8,3,1,Green,3361,69.0,87.6,154
10690,Manning Pro,Books,Programming Book,Manning,2958750,3945000,25,2967,4.3,4311,15932,1870336,73521,58400,0.054,8,5,1,Red,4984,91.3,78.8,1298
10691,Samsung Advanced,Mobile,Tablet,Samsung,41143359,61408000,33,415,5,1896,3679,247555,9624,1497,0.031,19,7,1,Gray,3606,44.2,30.8,250
10692,Lenovo VivoBook 15,Laptop,Laptop,Lenovo,114662730,126003000,9,689,4.2,14529,13260,1409810,89559,44870,0.043,4,3,1,Blue,2732,78.0,87.9,779
10693,Apple 16,Mobile,Smartphone,Apple,37325000,37325000,0,792,4.5,8274,5864,1400802,89214,10073,0.076,17,2,1,Silver,254,66.9,79.3,295
10694,Nike Standard,Fashion,Backpack,Nike,10676160,11121000,4,90,4.0,5103,2611,615038,11700,18955,0.055,17,2,1,Gold,3418,41.9,52.8,98
10695,Cambridge Standard,Books,Science Book,Cambridge,2330580,2506000,7,88,4.2,416,1010,122516,4554,4313,0.075,1,5,1,Gold,3934,25.9,27.7,75
10696,ASUS Katana 16,Laptop,Gaming Laptop,ASUS,95414000,108425000,12,20,3.9,1654,730,141340,3662,2951,0.06,12,6,0,Silver,2512,26.9,24.2,37
10697,LG Pro,Home Appliances,Washing Machine,LG,87245480,89026000,2,353,4.7,3490,3938,797060,34457,22666,0.059,13,1,1,Gold,658,58.5,66.9,141
10698,Kingston 990 Pro 4,Digital Products,SSD,Kingston,52836520,57431000,8,115,4.7,2601,7001,1070610,64194,21509,0.064,7,6,1,White,3313,70.6,71.1,182
10699,Logitech MX Keys 65,Digital Products,Keyboard,Logitech,9447060,11382000,17,1719,3.7,13562,12293,1842180,46112,49719,0.045,6,5,1,Gold,3637,74.4,86.2,926
10700,Dell EliteBook 27,Laptop,Ultrabook,Dell,56798960,61738000,8,602,4.3,3046,3294,710325,39966,27412,0.023,18,6,1,Green,1587,52.4,63.7,157
10701,Adidas Pro,Fashion,Backpack,Adidas,4860750,6481000,25,201,4.2,8213,6771,789274,19672,21327,0.084,12,1,1,Gold,909,63.9,68.9,164
10702,Apple Tune 9,Digital Products,Headphones,Apple,34973800,38015000,8,481,4.3,9151,7384,958323,64705,23491,0.069,14,5,1,Blue,459,72.4,83.2,209
10703,Samsung Standard,Mobile,Smartwatch,Samsung,39511530,64773000,39,2497,4.2,14672,16401,1255064,63582,19371,0.061,17,5,1,White,2372,91.2,87.6,1155
10704,Xiaomi Pro,Mobile,Smartwatch,Xiaomi,35609600,54784000,35,672,4.0,5409,4205,493919,18319,9220,0.075,6,1,0,Gold,2301,50.1,44.7,291
10705,Cambridge Premium,Books,Science Book,Cambridge,4546220,4639000,2,200,4.0,9122,5799,1308370,80468,44872,0.033,16,6,1,Red,4345,60.0,83.6,335
10706,Nintendo Xbox Series X,Gaming,Game Console,Nintendo,52208340,56138000,7,554,4.1,6913,10579,1299767,52140,8241,0.02,6,7,1,Red,2248,70.7,76.3,424
10707,GoPro X,Camera,Action Camera,GoPro,61026840,72651000,16,279,4.1,2926,1848,279626,16336,9524,0.03,19,1,1,Gray,2185,29.5,37.3,70
10708,No Starch Press Premium,Books,Programming Book,No Starch Press,975260,1573000,38,400,3.8,2178,3228,360910,17107,12773,0.044,12,1,1,White,4636,47.8,37.4,75
10709,Samsonite Pro,Fashion,Backpack,Samsonite,9967400,10492000,5,1049,4.3,4725,7926,1023424,15779,16100,0.08,19,1,0,White,3992,63.8,70.8,249
10710,Dyson Pro,Home Appliances,Vacuum Cleaner,Dyson,111518159,119912000,7,54,4.0,4202,5027,827890,27228,17285,0.037,7,6,1,Silver,3486,55.1,67.0,204
10711,Sony Z,Camera,Mirrorless Camera,Sony,37318810,47239000,21,249,4.4,13088,9561,1349623,26712,43419,0.044,19,5,1,Black,569,75.9,85.0,369
10712,Canon Plus,Camera,Camera Lens,Canon,82424670,94741000,13,2074,4.0,19329,13086,1914975,73819,13487,0.03,14,7,1,Gold,2339,76.2,87.0,565
10713,Razer Standard,Gaming,Gaming Chair,Razer,37390340,60307000,38,486,4.7,17405,17481,1671096,51539,37718,0.065,3,7,1,Red,258,91.6,98.4,1321
10714,Canon EOS,Camera,DSLR Camera,Canon,68576480,69976000,2,213,3.8,18879,9663,1840481,127942,16657,0.013,1,3,1,Black,1368,66.3,90.4,369
10715,8BitDo Xbox Wireless Controller,Gaming,Game Controller,8BitDo,67920860,69307000,2,846,4.0,11114,13210,1783796,114943,58167,0.076,5,6,1,Red,4271,79.1,86.5,780
10716,Dell XPS 32,Laptop,Ultrabook,Dell,65677680,91219000,28,82,3.5,2084,1640,222507,5667,1602,0.025,1,6,1,White,1341,30.7,23.2,34
10717,Keychron K70 2,Digital Products,Keyboard,Keychron,34984040,35698000,2,266,3.8,8561,5312,989644,24475,11206,0.051,12,5,1,Gold,1161,57.1,77.1,316
10718,Springer Pro,Books,Science Book,Springer,3415000,3415000,0,351,4.6,6957,11731,1822988,71414,16830,0.029,7,2,1,Silver,4674,75.0,81.4,967
10719,Razer K8 4,Digital Products,Keyboard,Razer,5702620,7406000,23,1331,4.0,4617,11332,1676969,53119,40850,0.073,12,6,0,Silver,2673,80.3,75.2,512
10720,Packt Premium,Books,Programming Book,Packt,2471040,2574000,4,14,4.9,320,388,41520,1218,576,0.023,6,4,1,Gold,72,15.2,19.5,6
10721,HarperCollins Pro,Books,Novel,HarperCollins,1739950,1955000,11,50,4.4,21623,10652,1878253,125879,43506,0.042,5,7,1,Black,4539,72.5,93.9,238
10722,Vintage Standard,Books,Novel,Vintage,4422600,4860000,9,378,4.1,5888,9591,1434107,79878,42554,0.053,8,6,1,Black,381,69.7,77.0,382
10723,Fujifilm Alpha,Camera,Mirrorless Camera,Fujifilm,69253800,98934000,30,171,5.0,2637,4815,342345,22618,2832,0.019,19,6,1,Black,489,46.8,39.5,382
10724,Whirlpool Premium,Home Appliances,Refrigerator,Whirlpool,20207040,20832000,3,310,4.1,8714,7488,1245128,60361,11244,0.061,4,2,1,Gold,3409,67.5,77.3,145
10725,Lenovo Pavilion 10,Laptop,Laptop,Lenovo,33023060,33697000,2,224,4.8,880,3217,379470,8530,6452,0.026,8,2,0,Silver,1251,32.1,37.1,112
10726,ASUS AGON 3,Digital Products,Monitor,ASUS,7954500,10606000,25,537,4.4,2226,6289,591991,11813,3430,0.049,5,3,1,Red,1152,50.0,46.5,204
10727,Insta360 Osmo Action,Camera,Action Camera,Insta360,18220320,25306000,28,1016,3.9,6401,10955,1543968,79795,39937,0.045,1,7,1,Gold,1021,77.3,76.1,904
10728,Adidas Plus,Fashion,Jacket,Adidas,14366000,14366000,0,110,3.8,5430,8163,1974995,110294,20670,0.04,14,1,1,Gray,3976,63.9,73.8,150
10729,Acer Nitro 2,Laptop,Gaming Laptop,Acer,71824620,74046000,3,1,4.6,3043,2552,265753,5550,4299,0.035,8,6,1,Blue,1232,26.0,32.6,156
10730,Vintage Premium,Books,Novel,Vintage,2961480,3219000,8,1523,4.0,8389,13567,1650622,30649,33835,0.038,10,4,1,Silver,2108,72.9,78.3,777
10731,Acer IdeaPad 34,Laptop,Laptop,Acer,25939090,35533000,27,565,4.5,10853,8921,1078819,59893,20972,0.016,3,4,1,Black,1153,79.9,86.1,593
10732,Apple Advanced,Mobile,Smartwatch,Apple,14372100,15969000,10,170,4.5,2907,2111,410463,15380,3512,0.035,3,1,1,Blue,3008,42.0,44.9,88
10733,Dell MacBook Air 2,Laptop,Ultrabook,Dell,85605520,94072000,9,15,3.9,4066,4263,732266,28137,14668,0.068,18,1,1,Silver,2748,48.2,61.0,344
10734,Adidas Pro,Fashion,Jacket,Adidas,5406820,6287000,14,68,4.2,4849,5620,1100699,24878,38393,0.069,13,4,1,Blue,2756,66.1,74.1,103
10735,HarperCollins Pro,Books,Novel,HarperCollins,2266000,2266000,0,1104,4.0,11688,11048,1571314,104934,11593,0.066,19,1,1,White,2644,73.7,75.8,520
10736,Cougar Premium,Gaming,Gaming Chair,Cougar,44616600,74361000,40,424,3.9,5678,15171,1340331,24905,28433,0.026,13,5,1,Blue,886,84.8,76.2,375
10737,Lenovo Standard,Mobile,Tablet,Lenovo,41171520,42887000,4,466,4.4,6676,13858,1743058,96797,67711,0.007,20,4,1,White,2213,73.7,80.4,1080
10738,Manning Standard,Books,Programming Book,Manning,1588950,1605000,1,642,4.6,2197,3618,861888,20435,24380,0.043,9,1,1,White,1976,51.6,69.7,187
10739,OReilly Pro,Books,Programming Book,OReilly,2380800,3840000,38,289,4.5,12077,11681,1533427,47439,43169,0.032,18,4,1,Blue,4433,83.2,90.2,766
10740,Daikin Premium,Home Appliances,Air Conditioner,Daikin,10129680,11511000,12,11,3.9,1314,979,129924,3803,862,0.017,6,7,1,White,2503,23.7,20.1,44
10741,Vintage Advanced,Books,Novel,Vintage,1336440,1554000,14,1954,3.9,5894,9946,888590,50088,22437,0.037,2,3,1,Red,1928,72.6,68.5,705
10742,Sony Premium,Camera,Camera Lens,Sony,126710290,152663000,17,185,4.1,2555,3352,371757,19361,12378,0.027,13,3,1,Gold,4809,42.7,42.9,191
10743,Xiaomi Advanced,Mobile,Smartwatch,Xiaomi,53311320,57324000,7,78,4.1,3284,2692,521967,15455,11958,0.035,18,3,1,Gray,1359,44.5,46.8,181
10744,Apple AirPods 34,Digital Products,Headphones,Apple,50275100,51830000,3,504,3.5,6731,4223,1121683,59805,14557,0.027,9,4,1,Gold,488,62.7,71.7,159
10745,Samsung Advanced,Home Appliances,Refrigerator,Samsung,73463120,96662000,24,834,4.2,12842,9692,1258141,33027,24229,0.063,1,3,1,Silver,408,79.5,84.5,495
10746,Xiaomi S25,Mobile,Smartphone,Xiaomi,42359550,47595000,11,74,4.1,1786,2666,550337,11202,8874,0.075,9,1,1,Green,201,44.7,46.1,187
10747,Dell Yoga 24,Laptop,Ultrabook,Dell,78776760,90548000,13,198,4.0,13262,8838,1146847,63216,40507,0.052,9,1,1,Green,1528,75.8,90.3,556
10748,Cougar Standard,Gaming,Gaming Chair,Cougar,64233650,75569000,15,2075,4.0,8618,17339,1919683,131765,36193,0.013,13,5,1,White,2731,82.7,79.9,667
10749,WD 990 Pro 65,Digital Products,SSD,WD,33930480,45852000,26,745,4.3,8258,7576,758234,13228,6800,0.013,2,2,1,Green,1746,60.5,61.9,696
10750,Nintendo Pro Controller,Gaming,Game Controller,Nintendo,11452950,12315000,7,8,5,41,76,16602,791,461,0.07,19,3,1,Blue,3132,23.4,22.4,3
10751,The North Face Premium,Fashion,Jacket,The North Face,1253050,1319000,5,696,4.3,9057,5746,914447,29345,18129,0.067,18,1,1,Blue,2662,64.5,73.3,272
10752,Bosch Premium,Home Appliances,Vacuum Cleaner,Bosch,44379280,59972000,26,647,4.4,14937,15345,1792072,102817,30066,0.014,11,5,1,Silver,489,82.2,94.7,868
10753,Razer Rival 10,Digital Products,Mouse,Razer,52704000,58560000,10,363,4.0,13277,7055,1377582,67129,25698,0.073,4,1,1,Blue,4419,72.5,87.3,418
10754,Google 14T,Mobile,Smartphone,Google,46157480,75668000,39,609,4.4,9197,16074,1009650,70211,9566,0.089,12,4,0,Black,252,90.6,74.4,1385
10755,Adidas Air Max,Fashion,Sneakers,Adidas,3197000,3197000,0,1090,4.3,12031,8087,1109394,37517,22246,0.085,2,4,1,Gray,3068,70.3,88.2,173
10756,Bosch Advanced,Home Appliances,Vacuum Cleaner,Bosch,86984280,114453000,24,1168,4.9,9333,16814,1992843,33338,75847,0.039,15,3,1,Silver,678,82.5,89.8,585
10757,Vintage Pro,Books,Novel,Vintage,3541720,3892000,9,196,4.1,14028,8862,1622759,81914,46651,0.065,18,5,1,Gray,646,75.7,87.8,155
10758,HP XPS 65,Laptop,Ultrabook,HP,24447360,25466000,4,736,4.4,12525,12955,1499456,25229,39451,0.074,18,5,1,Blue,2039,69.2,86.1,358
10759,Apple ZenBook 15,Laptop,Ultrabook,Apple,73113500,82150000,11,1071,4.9,5883,12299,1078831,26403,14988,0.064,9,4,1,Silver,2581,76.4,76.8,712
10760,Apple MacBook 27,Laptop,Laptop,Apple,77378600,119044000,35,1028,3.9,13243,12187,1523088,43028,39374,0.062,17,6,1,Green,2843,88.5,87.4,1044
10761,Xiaomi Premium,Mobile,Tablet,Xiaomi,17788400,25412000,30,276,4.2,742,1580,219975,7858,1380,0.017,13,6,1,Blue,1132,39.1,30.7,107
10762,LG Plus,Home Appliances,Washing Machine,LG,14865000,24775000,40,860,4.7,10373,12752,1383636,23043,51468,0.014,6,5,1,Black,4785,85.2,84.5,361
10763,Razer MX Keys 2,Digital Products,Keyboard,Razer,3944000,4930000,20,1642,4.0,1986,7853,809874,13475,27895,0.027,16,6,1,Black,4537,56.2,62.6,364
10764,Bosch Plus,Home Appliances,Vacuum Cleaner,Bosch,59243310,94037000,37,2254,4.4,8787,13850,1237049,21778,27079,0.06,5,2,1,Green,4872,81.9,84.0,322
10765,Lenovo Plus,Mobile,Tablet,Lenovo,7866869,8459000,7,188,4.2,16119,10731,1710895,61344,58500,0.053,14,4,0,Green,3507,71.3,88.5,705
10766,Apple XPS 7,Laptop,Ultrabook,Apple,14549040,20207000,28,1266,4.6,5954,16361,1136430,41974,38215,0.027,16,1,1,Black,2604,90.9,82.9,866
10767,AOC AGON 24,Digital Products,Monitor,AOC,38227840,41552000,8,121,3.8,5933,5796,815063,36430,19994,0.059,16,5,0,Gold,645,56.1,64.9,244
10768,HP ZenBook 2,Laptop,Ultrabook,HP,95339600,110860000,14,465,3.9,590,2469,265798,5258,5344,0.076,17,5,1,Gray,2657,25.5,33.9,98
10769,Canon D,Camera,DSLR Camera,Canon,96526720,102688000,6,394,4.5,4530,5850,659749,20447,5381,0.051,20,2,1,White,1409,52.0,57.8,265
10770,New Balance Suede,Fashion,Sneakers,New Balance,3332000,3400000,2,541,4.3,14464,8012,1265415,42245,32353,0.079,12,3,0,White,4584,65.6,88.6,390
10771,Apple Tune 4,Digital Products,Headphones,Apple,38181320,56149000,32,1401,4.6,2273,10928,1042669,57750,7525,0.038,14,3,0,Gold,267,81.6,65.8,915
10772,Kingston KC3000 2,Digital Products,SSD,Kingston,4581720,4628000,1,231,3.8,9297,4732,1091376,71138,25194,0.033,8,1,1,Green,643,61.6,83.7,330
10773,OReilly Advanced,Books,Programming Book,OReilly,3989810,4807000,17,447,4.4,12233,18028,1579777,108388,41650,0.009,3,3,1,White,407,89.5,85.7,1437
10774,Logitech MX Keys 15,Digital Products,Keyboard,Logitech,3920400,5445000,28,1338,4.3,6400,10529,1245471,19689,47943,0.065,3,5,1,Blue,4652,77.6,81.8,399
10775,Springer Premium,Books,Science Book,Springer,2962540,3023000,2,144,4.2,1702,3856,539658,32918,4362,0.008,16,2,1,White,1796,47.7,46.5,68
10776,Canon Plus,Camera,Camera Lens,Canon,23412600,26014000,10,123,4.7,2574,4535,622871,39546,20351,0.081,11,7,0,Green,4391,48.8,59.7,352
10777,Packt Advanced,Books,Programming Book,Packt,1698560,2654000,36,3480,4.4,3980,17262,1056164,62325,19424,0.029,10,4,0,Black,2760,91.6,73.6,863
10778,Tamron Advanced,Camera,Camera Lens,Tamron,99385110,100389000,1,42,4.6,2995,3418,833207,38370,25430,0.011,11,1,1,Blue,275,56.9,68.9,193
10779,HP Katana 3,Laptop,Gaming Laptop,HP,59266200,98777000,40,1,4.7,366,591,40548,1601,754,0.018,13,6,1,Silver,2390,34.8,24.8,38
10780,Apple A56,Mobile,Smartphone,Apple,43147499,65375000,34,427,4.8,16365,12689,1646625,75948,58483,0.065,2,1,1,Red,177,91.6,98.1,1105
10781,Nintendo DualSense,Gaming,Game Controller,Nintendo,59920320,62417000,4,2416,3.7,15833,11479,1751105,107603,37174,0.021,12,6,1,Silver,588,67.4,93.5,369
10782,DXRacer Plus,Gaming,Gaming Chair,DXRacer,20534000,20534000,0,389,4.3,2382,2930,730748,12224,9140,0.072,10,1,1,Blue,818,49.1,60.0,104
10783,GoPro Osmo Action,Camera,Action Camera,GoPro,147257580,156657000,6,50,4.2,249,674,96349,6552,2401,0.077,19,4,0,Black,653,20.8,24.0,24
10784,Daikin Plus,Home Appliances,Air Conditioner,Daikin,69635110,103933000,33,767,4.4,3942,5526,457268,21201,6911,0.021,8,1,1,Gold,3805,51.5,48.2,167
10785,Sony X-T,Camera,Mirrorless Camera,Sony,38225400,63709000,40,47,4.3,2521,6037,657125,13679,15641,0.007,19,6,1,Silver,753,59.3,58.0,179
10786,Xiaomi Pro,Mobile,Smartwatch,Xiaomi,52495680,54683000,4,155,5,12891,10244,1336819,59830,49426,0.03,4,1,1,Gold,1851,77.3,92.0,214
10787,Cambridge Advanced,Books,Science Book,Cambridge,3334769,4833000,31,214,4.6,1791,1628,184476,5929,3474,0.04,6,7,1,Gray,3798,33.8,30.3,43
10788,Huawei Plus,Mobile,Smartwatch,Huawei,5374379,8143000,34,92,4.8,700,3353,240696,8167,2569,0.073,7,4,1,Gray,860,42.9,32.6,204
10789,ASUS ZenBook 32,Laptop,Ultrabook,ASUS,16448000,20560000,20,1205,4.4,3702,9657,1186530,46285,28172,0.009,11,5,1,Gold,1785,79.1,73.4,441
10790,Nikon EOS,Camera,DSLR Camera,Nikon,22278090,25607000,13,260,4.4,6370,6471,787849,18515,28994,0.061,9,3,0,Blue,409,59.0,74.6,186
10791,Apple 13 Pro,Mobile,Smartphone,Apple,30613600,36016000,15,142,4.9,13279,6669,1125946,25266,42890,0.077,16,3,1,Gray,245,72.3,93.2,188
10792,Samsung Pro,Home Appliances,Refrigerator,Samsung,26722000,26722000,0,66,4.9,5143,2166,436409,13194,13093,0.015,15,4,1,Gray,895,32.8,51.8,46
10793,Lenovo ROG 10,Laptop,Gaming Laptop,Lenovo,48964240,53222000,8,5,4.0,35,37,6552,384,85,0.012,13,5,1,Silver,1640,18.0,17.8,2
10794,Lenovo Katana 65,Laptop,Gaming Laptop,Lenovo,99707000,99707000,0,539,3.7,7118,7857,1982078,111390,46739,0.09,8,7,0,Blue,1373,67.1,77.8,143
10795,Acer ROG 16,Laptop,Gaming Laptop,Acer,25410390,27323000,7,166,5.0,7220,12828,1168991,79882,21934,0.049,13,2,1,Gray,1444,79.4,83.8,436
10796,Sony Xbox Wireless Controller,Gaming,Game Controller,Sony,57246149,61555000,7,2,3.7,3647,2169,412269,19894,4782,0.068,10,6,1,Gray,3766,31.7,42.3,76
10797,MSI TUF Gaming 5,Laptop,Gaming Laptop,MSI,113160000,123000000,8,65,4.8,3294,2630,288743,13141,4683,0.052,17,6,1,Black,3119,37.9,38.6,134
10798,Adidas Suede,Fashion,Sneakers,Adidas,11016550,13945000,21,245,4.0,11054,9609,1380457,72540,19641,0.095,5,6,0,Blue,3825,81.6,78.9,327
10799,Bosch Plus,Home Appliances,Washing Machine,Bosch,116854000,116854000,0,736,4.3,14963,8425,1446537,89191,34015,0.058,9,3,1,Green,4667,70.2,90.9,477
10800,Razer Plus,Gaming,Gaming Chair,Razer,32395000,52250000,38,2059,4.4,5228,10136,916087,37532,32066,0.057,13,7,1,Silver,2346,76.0,72.8,357
10801,Garmin Standard,Mobile,Smartwatch,Garmin,42856170,48153000,11,914,4.0,13604,13867,1709188,56010,64775,0.059,6,1,1,Silver,160,78.0,91.9,323
10802,MSI Katana 3,Laptop,Gaming Laptop,MSI,102460320,142306000,28,20,4.8,1328,1301,110892,7479,3079,0.054,14,7,1,Red,2365,29.0,29.4,68
10803,OReilly Pro,Books,Programming Book,OReilly,391600,445000,12,562,4.3,10521,15690,1439688,49805,15614,0.092,15,1,0,Blue,2657,78.5,79.5,1098
10804,Eastpak Advanced,Fashion,Backpack,Eastpak,3412500,4875000,30,103,3.9,14878,10718,1364669,57852,12193,0.086,17,4,1,Gray,1873,85.4,83.0,293
10805,Adidas 574,Fashion,Sneakers,Adidas,549450,555000,1,1099,4.9,21499,9727,1911061,94810,33441,0.066,3,1,0,Red,2716,73.7,100,155
10806,Logitech K70 4,Digital Products,Keyboard,Logitech,19581300,21757000,10,2835,4.5,20343,11948,1776120,38355,10526,0.028,4,7,0,Green,4384,77.9,93.1,497
10807,ASUS VivoBook 9,Laptop,Laptop,ASUS,52151060,66014000,21,1008,4.3,10009,12131,1087029,52233,12530,0.066,12,2,1,Red,1973,85.0,76.1,376
10808,Samsung Pro,Home Appliances,Washing Machine,Samsung,44800400,47660000,6,132,4.1,8857,5410,993881,60186,32161,0.008,8,4,1,Red,334,65.8,78.9,121
10809,AOC UltraSharp 34,Digital Products,Monitor,AOC,6537000,8716000,25,227,4.7,9837,12820,1692746,34577,37576,0.074,18,6,1,Gray,784,86.1,86.0,1044
10810,Razer Premium,Gaming,Gaming Chair,Razer,65682580,67714000,3,156,4.9,8857,9392,928733,20623,11464,0.099,5,2,0,Black,919,66.7,74.6,684
10811,Razer K70 10,Digital Products,Keyboard,Razer,4227780,4546000,7,2602,5,9258,12640,1722372,61036,11584,0.013,16,7,1,White,989,78.7,78.6,777
10812,Whirlpool Advanced,Home Appliances,Refrigerator,Whirlpool,27620699,40030000,31,293,3.6,10059,14678,1992328,43256,49128,0.059,8,7,1,Green,519,84.5,80.3,673
10813,Sony Advanced,Camera,Camera Lens,Sony,58819020,80574000,27,23,4.1,258,603,94940,2334,2555,0.059,9,1,1,Red,2752,26.3,18.0,41
10814,Xiaomi Standard,Home Appliances,Vacuum Cleaner,Xiaomi,70591180,75097000,6,20,4.5,1010,1765,388185,22976,12962,0.02,1,1,1,Gold,837,32.5,42.3,37
10815,Gree Premium,Home Appliances,Air Conditioner,Gree,69362490,79727000,13,81,3.9,6887,7419,952404,25580,10261,0.077,20,7,1,Gold,3239,66.0,66.7,582
10816,Vintage Premium,Books,Novel,Vintage,2993420,3086000,3,1264,4.6,15190,12445,1337229,89244,38743,0.048,7,1,1,Green,2743,73.6,88.6,632
10817,Canon EOS,Camera,DSLR Camera,Canon,45940000,45940000,0,81,4.0,568,1248,254363,8699,8461,0.055,15,7,0,Gold,314,26.3,27.0,47
10818,Cougar Premium,Gaming,Gaming Chair,Cougar,55246080,57548000,4,394,4.1,7452,4225,939659,61815,33798,0.057,12,4,1,Black,2154,65.5,74.3,152
10819,OReilly Standard,Books,Programming Book,OReilly,2051430,3363000,39,1165,4.1,7876,14908,1185487,22938,42553,0.017,13,2,1,Black,3088,86.1,83.0,481
10820,Dell UltraGear 10,Digital Products,Monitor,Dell,19827770,20441000,3,145,4.4,1736,1238,164839,8039,6109,0.071,11,5,1,Blue,3441,24.8,27.2,97
10821,Secretlab Advanced,Gaming,Gaming Chair,Secretlab,28665380,38737000,26,1445,4.7,9890,21167,1660830,109681,42547,0.062,9,3,1,Blue,1904,94.6,84.3,859
10822,Razer MX Keys 24,Digital Products,Keyboard,Razer,19854120,22308000,11,272,4.0,2171,2867,269572,11116,10171,0.048,17,5,1,Blue,867,28.9,31.1,56
10823,JBL WH 65,Digital Products,Headphones,JBL,24130500,32174000,25,967,4.0,7220,12026,1004889,25724,27192,0.028,19,2,1,Gray,199,74.0,75.4,433
10824,Apple VivoBook 5,Laptop,Laptop,Apple,94261000,94261000,0,11,5.0,197,245,57932,3218,1011,0.077,15,3,1,Red,2704,14.9,23.8,15
10825,Adidas Air Max,Fashion,Sneakers,Adidas,3773830,4777000,21,759,4.2,6112,8435,1159282,42121,9230,0.099,2,2,1,Gray,1610,77.7,69.8,449
10826,Xiaomi Advanced,Home Appliances,Vacuum Cleaner,Xiaomi,32640000,34000000,4,258,4.6,3736,3019,436523,6997,5727,0.058,13,7,1,Black,317,36.3,47.8,203
10827,Kingston P5 Plus 34,Digital Products,SSD,Kingston,24166980,38979000,38,96,4.7,2720,3302,321344,22004,6534,0.009,2,3,1,Red,528,44.7,39.1,266
10828,Kingston P5 Plus 10,Digital Products,SSD,Kingston,22513540,22973000,2,266,4.0,8463,7227,1576732,99283,58780,0.02,5,5,1,Black,1166,61.9,80.2,280
10829,Samsung S24,Mobile,Smartphone,Samsung,32501760,33856000,4,896,3.8,3173,5612,982902,63446,31861,0.053,14,2,1,Red,246,67.5,71.4,268
10830,LG Plus,Home Appliances,Refrigerator,LG,30996350,40255000,23,134,4.5,11312,7235,1166786,69871,12801,0.074,2,2,1,Gold,607,80.6,83.8,610
10831,Google A56,Mobile,Smartphone,Google,24122760,29418000,18,236,4.1,719,3263,278168,16631,8422,0.095,4,7,0,Gold,191,39.4,31.9,210
10832,Logitech Rival 9,Digital Products,Mouse,Logitech,37603280,42731000,12,517,5.0,12078,9666,1126299,44194,36719,0.058,3,2,1,Black,4841,78.2,88.8,443
10833,Keychron BlackWidow 27,Digital Products,Keyboard,Keychron,11917360,13096000,9,1051,4.9,4837,9259,1614092,31716,63395,0.009,2,2,1,Green,459,72.7,83.8,690
10834,Pearson Plus,Books,Science Book,Pearson,1350780,1437000,6,112,4.1,14447,6409,1233115,60359,36137,0.019,16,1,1,Gray,4082,72.0,91.4,197
10835,Xiaomi Plus,Mobile,Tablet,Xiaomi,26649810,26919000,1,49,4.1,3739,2959,369908,17574,10213,0.006,1,6,1,Silver,1707,37.6,39.5,134
10836,Vintage Standard,Books,Novel,Vintage,2908000,2908000,0,519,4.5,2152,6913,974889,23535,34224,0.019,12,1,1,Red,1602,63.8,74.1,227
10837,Adidas Plus,Fashion,Backpack,Adidas,12795940,14879000,14,580,4.1,4333,4011,664316,28160,10736,0.063,5,1,1,Green,2911,51.9,52.4,175
10838,Corsair MX Keys 3,Digital Products,Keyboard,Corsair,14261000,21940000,35,2871,4.4,18874,19391,1948622,52632,20084,0.052,19,4,1,Silver,3845,97.2,95.4,1171
10839,Secretlab Pro,Gaming,Gaming Chair,Secretlab,57243359,61552000,7,228,4.0,1597,3747,703516,36431,11880,0.01,18,7,1,Black,2283,52.0,56.4,122
10840,MSI ThinkPad 3,Laptop,Laptop,MSI,102585060,144486000,29,762,3.9,4532,22356,1640705,92215,37568,0.013,18,2,1,Green,3145,97.5,74.6,485
10841,Insta360 X,Camera,Action Camera,Insta360,21698760,23332000,7,509,4.3,5603,4978,641378,11122,11922,0.026,15,6,1,Silver,2619,46.6,59.2,382
10842,Samsonite Pro,Fashion,Backpack,Samsonite,9337510,10261000,9,74,3.6,1134,1345,271664,13914,2421,0.051,6,1,1,Black,2553,30.0,25.2,29
10843,Acer Nitro 24,Laptop,Gaming Laptop,Acer,83663190,121251000,31,2510,4.6,14802,21873,1816300,42571,57417,0.021,9,5,1,White,1758,94.1,89.5,1340
10844,The North Face Pro,Fashion,Jacket,The North Face,10066400,12583000,20,86,4.6,3199,2566,353013,6506,6062,0.101,7,5,1,White,81,36.4,36.7,173
10845,Bosch Standard,Home Appliances,Refrigerator,Bosch,98316540,100323000,2,357,4.6,7541,3919,876962,40384,23152,0.071,14,2,1,Green,2049,61.8,72.4,220
10846,Adidas Plus,Fashion,Backpack,Adidas,12460500,13845000,10,3297,3.9,17880,18257,1888205,80836,51406,0.049,6,4,1,Silver,3605,83.8,96.7,487
10847,Razer G915 4,Digital Products,Keyboard,Razer,5910570,7297000,19,488,3.4,9785,17379,1781293,45023,54865,0.057,11,6,0,Black,3376,87.6,80.7,711
10848,Canon EOS,Camera,DSLR Camera,Canon,129233520,179491000,28,471,4.3,5038,5210,519256,25528,11085,0.055,17,6,1,Green,1486,56.7,51.7,276
10849,JBL Soundcore 10,Digital Products,Headphones,JBL,19967200,24959000,20,209,4.0,6393,10480,1724307,108361,43307,0.006,10,5,1,Gray,355,75.9,79.8,664
10850,HarperCollins Plus,Books,Novel,HarperCollins,3412049,4945000,31,38,4.5,307,580,47633,2358,476,0.056,3,7,1,Green,4018,23.2,16.7,44
10851,Oxford Standard,Books,Science Book,Oxford,4681920,4877000,4,147,4.7,5804,2916,578893,34217,20055,0.054,15,5,0,Red,1739,45.3,59.4,160
10852,Xiaomi Advanced,Mobile,Tablet,Xiaomi,6784620,9294000,27,121,4.5,3020,2244,350022,15160,6583,0.068,2,2,1,Gold,370,40.7,38.0,116
10853,SteelSeries G Pro 16,Digital Products,Mouse,SteelSeries,5730000,7640000,25,8,3.9,12,9,1642,103,54,0.079,18,2,1,Gold,2195,24.5,17.7,0
10854,Samsung Premium,Home Appliances,Refrigerator,Samsung,105391320,113324000,7,12,4.1,67,154,27187,726,782,0.047,4,5,1,Red,1715,11.4,21.7,5
10855,Daikin Premium,Home Appliances,Air Conditioner,Daikin,59880360,68828000,13,71,4.4,11730,6425,1054641,53733,24867,0.027,1,1,1,Silver,3553,69.8,87.1,121
10856,Nintendo Switch OLED,Gaming,Game Console,Nintendo,9923100,10670000,7,766,3.5,4981,5065,575662,38861,14133,0.07,6,3,0,Green,1211,50.3,47.9,151
10857,No Starch Press Premium,Books,Programming Book,No Starch Press,1610200,1660000,3,60,4.5,9539,14061,1793792,48163,48848,0.05,9,4,1,Green,2536,77.2,86.4,515
10858,Canon EOS,Camera,DSLR Camera,Canon,143640510,148083000,3,1,4.7,91,58,13306,259,130,0.075,6,6,1,Black,306,18.2,18.7,3
10859,HP XPS 34,Laptop,Ultrabook,HP,101820040,103898000,2,729,3.9,4575,6593,972140,48937,29750,0.013,11,5,1,Gray,2350,61.2,77.7,169
10860,Lenovo ZenBook 9,Laptop,Ultrabook,Lenovo,99595980,100602000,1,76,4.3,356,1002,140086,9160,3294,0.016,3,3,1,Blue,2202,21.0,27.2,48
10861,Vintage Advanced,Books,Novel,Vintage,793780,1118000,29,416,4.0,8858,13920,1770715,105034,44246,0.01,2,3,1,Black,1870,82.2,82.3,766
10862,Samsung Premium,Home Appliances,Washing Machine,Samsung,13266340,14906000,11,982,4.4,7803,5595,1061716,26149,39258,0.038,18,4,1,Blue,4595,63.9,80.9,104
10863,Nintendo Pro Controller,Gaming,Game Controller,Nintendo,21042560,32879000,36,1959,4.4,15051,23291,1529194,27143,35042,0.049,7,3,1,Green,4117,88.0,91.2,2113
10864,Nike Advanced,Fashion,Backpack,Nike,4051690,4177000,3,536,4.9,2797,5502,831084,40102,11629,0.078,11,1,1,Black,352,55.9,64.6,277
10865,Philips Pro,Home Appliances,Vacuum Cleaner,Philips,101286900,102310000,1,1058,3.9,13776,6198,1247154,30382,19104,0.063,10,5,1,Gold,4824,59.6,81.6,367
10866,Oxford Standard,Books,Science Book,Oxford,778050,1235000,37,1895,4.5,4842,12324,1556371,74049,17540,0.039,18,5,1,White,1177,85.8,75.2,1017
10867,ASUS TUF Gaming 34,Laptop,Gaming Laptop,ASUS,84568000,96100000,12,327,5,19422,12932,1921290,112289,63053,0.051,17,4,0,White,1439,77.5,97.0,274
10868,Nike Pro,Fashion,Backpack,Nike,9572160,9971000,4,5,4.1,10670,6008,1031636,20001,39288,0.12,20,6,0,Gray,913,59.8,85.4,187
10869,Adidas Plus,Fashion,Backpack,Adidas,10209050,13985000,27,12,3.9,1776,2203,188048,8389,1076,0.041,11,2,1,Green,213,35.3,23.6,139
10870,Beko Advanced,Home Appliances,Washing Machine,Beko,22921280,27616000,17,671,3.9,3634,5919,661415,18773,13182,0.04,18,7,1,White,399,50.2,50.8,133
10871,Puma 574,Fashion,Sneakers,Puma,3598169,3869000,7,180,4.5,3518,5864,843674,28834,25497,0.067,8,7,1,Black,2785,59.2,72.7,504
10872,DJI X,Camera,Action Camera,DJI,71842320,72568000,1,177,4.6,7442,4687,701603,42182,9386,0.073,4,1,1,Silver,3268,57.6,63.3,288
10873,Springer Premium,Books,Science Book,Springer,296700,430000,31,84,3.3,9715,9091,1142823,42904,19438,0.077,13,7,1,White,3426,72.2,80.0,555
10874,Nikon D,Camera,DSLR Camera,Nikon,81914120,115372000,29,34,3.6,1062,1020,90370,6143,570,0.013,16,2,1,Gray,1296,26.5,19.4,80
10875,Razer Premium,Gaming,Gaming Chair,Razer,17786560,20212000,12,823,4.3,4997,12179,1214775,19665,23580,0.051,9,6,1,Black,4716,68.3,76.4,712
10876,Oxford Advanced,Books,Science Book,Oxford,770039,1116000,31,251,4.6,5133,7359,497796,28464,11856,0.014,4,4,1,Silver,224,59.2,50.6,469
10877,Lenovo ROG 5,Laptop,Gaming Laptop,Lenovo,37790550,59985000,37,2097,3.9,3283,13543,1239177,52216,29979,0.059,8,6,1,Green,2263,90.1,74.3,897
10878,Apple Advanced,Mobile,Smartwatch,Apple,29634330,33297000,11,135,4.3,14342,7459,1336208,91280,15393,0.074,6,1,0,White,1445,75.0,83.1,136
10879,Springer Pro,Books,Science Book,Springer,1799250,2399000,25,34,4.8,969,1000,139509,6631,4135,0.074,12,7,1,White,537,32.4,29.8,51
10880,Corsair MX Master 24,Digital Products,Mouse,Corsair,37462810,48653000,23,375,4.4,3496,13210,995953,36290,13895,0.057,6,3,1,Gold,2495,83.4,68.9,305
10881,Beko Pro,Home Appliances,Washing Machine,Beko,21243200,24140000,12,305,4.5,7600,8360,1304628,50540,37917,0.063,18,4,1,Gray,509,77.8,79.7,174
10882,Gree Plus,Home Appliances,Air Conditioner,Gree,16690950,19185000,13,160,4.4,2514,3002,412787,18535,2514,0.04,1,1,1,Silver,1168,38.3,42.5,190
10883,Packt Pro,Books,Programming Book,Packt,3820040,3898000,2,253,4.6,1141,1774,196634,3395,4488,0.013,5,2,1,Blue,2640,28.0,31.9,55
10884,Packt Standard,Books,Programming Book,Packt,684000,760000,10,3,4.6,89,113,13688,435,263,0.019,10,3,1,Gray,1554,16.9,16.0,4
10885,Sony Switch OLED,Gaming,Game Console,Sony,6217800,7230000,14,430,4.3,6675,3324,640322,40712,11624,0.047,12,3,1,Gray,3902,51.9,59.4,169
10886,SteelSeries G Pro 24,Digital Products,Mouse,SteelSeries,34020480,36192000,6,549,3.9,1901,3754,802167,16698,20153,0.065,19,7,1,Green,4477,53.9,64.7,222
10887,The North Face Standard,Fashion,Jacket,The North Face,5483030,7511000,27,1102,4.8,6228,27418,1905345,77163,76155,0.078,10,4,1,Silver,3640,97.7,82.4,776
10888,Springer Pro,Books,Science Book,Springer,3629760,3781000,4,51,4.2,640,971,106095,5891,3367,0.058,13,5,0,Gray,1666,23.1,27.3,27
10889,Packt Pro,Books,Programming Book,Packt,1770450,2035000,13,251,4.1,4290,5818,1107343,60120,5913,0.046,5,7,1,Red,62,73.2,70.8,81
10890,Puma 574,Fashion,Sneakers,Puma,7691130,7929000,3,46,4.4,1898,1944,233765,3549,5432,0.091,4,3,1,Black,239,26.4,35.1,42
10891,Razer K8 5,Digital Products,Keyboard,Razer,23664410,30733000,23,86,3.9,9489,7258,1220984,49194,36718,0.027,10,5,0,White,4536,73.5,86.5,254
10892,Secretlab Plus,Gaming,Gaming Chair,Secretlab,61338420,61958000,1,21,3.6,1877,1571,203464,5786,4191,0.016,11,1,1,Red,2172,19.7,24.4,76
10893,Xiaomi A16,Mobile,Smartphone,Xiaomi,15948980,16967000,6,290,4.3,4154,5187,679855,26892,12323,0.025,19,6,1,Green,205,50.2,58.8,116
10894,OnePlus A35,Mobile,Smartphone,OnePlus,72962960,74452000,2,152,4.0,2467,2212,289430,12513,7489,0.04,13,2,1,Red,214,32.0,34.6,134
10895,Nikon D,Camera,DSLR Camera,Nikon,31425660,49882000,37,285,4.1,972,7578,466632,9237,12455,0.031,18,6,1,White,1157,58.2,43.8,704
10896,Lenovo Pro,Mobile,Tablet,Lenovo,12033450,12155000,1,143,4.6,4706,5272,1262178,22777,25150,0.073,8,5,1,White,292,56.2,80.7,317
10897,Puma Air Max,Fashion,Sneakers,Puma,2549000,2549000,0,529,4.3,10895,14357,1897267,80399,37999,0.083,10,4,1,Blue,1505,79.8,89.6,490
10898,Nike Air Max,Fashion,Sneakers,Nike,5775380,5954000,3,503,4.7,5369,4194,767954,42923,20663,0.092,5,3,1,Green,730,55.8,66.2,132
10899,LG UltraSharp 15,Digital Products,Monitor,LG,932720,1048000,11,1130,3.7,20172,17795,1777425,117760,57608,0.04,3,5,1,Green,4521,81.9,97.7,580
10900,Dell EliteBook 2,Laptop,Ultrabook,Dell,100655930,103769000,3,15,4.6,75,155,32051,2199,282,0.06,10,2,1,Red,2213,19.8,18.5,5
10901,Adidas Pro,Fashion,Backpack,Adidas,2940300,2970000,1,35,3.9,13344,8081,1658571,93404,17791,0.05,13,6,1,Blue,770,69.8,80.0,419
10902,Dell ZenBook 5,Laptop,Ultrabook,Dell,14027699,20330000,31,1029,3.8,3902,11582,900250,24661,25837,0.006,6,6,1,Blue,2819,74.3,73.1,614
10903,Lenovo ThinkPad 3,Laptop,Laptop,Lenovo,29593440,41102000,28,205,4.1,3729,10350,778690,46034,8976,0.053,2,3,1,Green,1117,75.4,57.0,327
10904,Nike Ultraboost,Fashion,Sneakers,Nike,3141270,3173000,1,101,4.8,5888,10941,1466131,69944,35592,0.043,3,1,1,Black,158,70.5,84.9,413
10905,Penguin Standard,Books,Novel,Penguin,3016500,4022000,25,1453,3.8,3549,14915,1163949,57811,21624,0.064,20,7,0,Blue,857,85.2,70.1,1188
10906,Sony Alpha,Camera,Mirrorless Camera,Sony,38446200,62010000,38,1143,4.6,3027,5436,715054,31573,21248,0.009,17,6,1,Gold,1370,68.6,61.2,470
10907,LG Premium,Home Appliances,Air Conditioner,LG,21717150,23865000,9,1800,4.2,9454,11509,1159228,79612,12069,0.042,19,6,0,Blue,3991,75.3,74.6,305
10908,Pearson Pro,Books,Science Book,Pearson,1234430,1691000,27,1025,4.1,2466,14299,1147704,62841,27793,0.019,2,1,1,Blue,2451,82.2,75.9,461
10909,HP ROG 34,Laptop,Gaming Laptop,HP,60535400,70390000,14,1398,4.1,10504,11965,1601504,59115,34473,0.075,12,1,1,White,2107,78.3,88.4,952
10910,Bose WH 32,Digital Products,Headphones,Bose,5855500,8365000,30,101,4.5,9349,20319,1876715,43137,14158,0.065,12,1,0,Blue,260,91.2,77.1,1292
10911,Bosch Standard,Home Appliances,Washing Machine,Bosch,43059980,48382000,11,54,4.6,1421,2518,462692,17758,15420,0.079,8,1,1,Red,633,39.6,47.9,180
10912,Microsoft DualSense,Gaming,Game Controller,Microsoft,46805410,48253000,3,1021,4.3,3354,5411,1153830,17506,6458,0.014,14,3,1,Gray,4068,59.3,71.0,372
10913,No Starch Press Advanced,Books,Programming Book,No Starch Press,1087800,1110000,2,2038,4.6,11195,11975,1616205,95994,15660,0.05,17,1,1,Blue,1317,73.3,86.1,245
10914,Keychron MX Keys 4,Digital Products,Keyboard,Keychron,14928760,20174000,26,959,4.5,8750,7825,913037,56007,16382,0.032,5,1,1,Gold,883,70.3,73.1,605
10915,Cougar Standard,Gaming,Gaming Chair,Cougar,31617000,35130000,10,1214,4.4,7853,14624,1516028,104345,35706,0.024,3,7,1,Red,3810,81.9,81.5,346
10916,Eastpak Plus,Fashion,Backpack,Eastpak,7650390,7887000,3,228,4.4,11197,6995,1083038,75635,22423,0.076,13,6,1,Gold,603,71.7,85.7,432
10917,The North Face Plus,Fashion,Jacket,The North Face,5475620,6367000,14,816,4.6,3220,5240,457444,18817,3121,0.113,9,5,0,Green,4894,47.2,41.5,368
10918,Microsoft PlayStation 5,Gaming,Game Console,Microsoft,46487700,73790000,37,2681,4.1,12316,17622,1267146,52060,31957,0.009,20,7,1,Blue,122,91.3,88.2,1268
10919,Vintage Premium,Books,Novel,Vintage,3392260,4294000,21,301,4.3,2001,8636,722469,38829,4310,0.076,6,4,1,Green,1116,64.2,51.3,171
10920,Samsung Odyssey 34,Digital Products,Monitor,Samsung,4000499,5715000,30,866,4.7,9943,13585,1741413,111076,34667,0.047,6,1,1,Gray,4499,86.1,84.5,1094
10921,Apple Pro,Mobile,Tablet,Apple,39483460,63683000,38,36,4.5,64,155,16991,282,192,0.046,18,1,1,Blue,1560,30.4,17.1,11
10922,Acer ROG 5,Laptop,Gaming Laptop,Acer,75403800,125673000,40,134,5.0,9434,14302,839491,33168,27072,0.022,10,5,1,Gray,2792,87.2,76.1,1362
10923,MSI Nitro 7,Laptop,Gaming Laptop,MSI,111535060,122566000,9,31,4.3,2142,4676,507310,23313,15701,0.058,6,3,1,Red,1545,46.5,45.7,210
10924,OReilly Plus,Books,Programming Book,OReilly,4841100,4890000,1,121,4.3,3434,6389,813391,41378,12563,0.046,5,7,1,Green,3757,57.0,60.9,184
10925,Microsoft Pro Controller,Gaming,Game Controller,Microsoft,66361920,69127000,4,1714,4.1,10253,9977,1571096,23615,55099,0.077,16,3,1,Black,1439,61.4,80.3,464
10926,Samsung SN850X 4,Digital Products,SSD,Samsung,50856300,51370000,1,33,4.1,7611,3850,779389,52177,27959,0.025,18,5,0,Silver,1470,58.8,69.1,87
10927,Corsair MX Keys 2,Digital Products,Keyboard,Corsair,7840800,10890000,28,2323,4.1,20019,23164,1900243,34709,50616,0.026,11,7,1,Black,1901,93.3,97.0,1947
10928,Samsung Plus,Home Appliances,Washing Machine,Samsung,30009600,31260000,4,177,4.0,3071,2067,517007,12396,10307,0.017,19,6,1,Silver,1053,32.9,50.3,56
10929,Xiaomi Standard,Mobile,Tablet,Xiaomi,56512650,59487000,5,492,3.9,21123,12165,1834597,39415,24758,0.025,15,3,1,Blue,1361,67.3,90.0,343
10930,Dell ZenBook 9,Laptop,Ultrabook,Dell,60926400,101544000,40,47,4.0,1615,2867,205578,5128,4239,0.035,8,6,1,Green,2222,38.5,25.9,252
10931,Adidas Air Max,Fashion,Sneakers,Adidas,9710610,10671000,9,1291,4.4,1924,9508,941217,44820,26443,0.059,5,3,1,Gray,917,66.0,72.7,618
10932,Nintendo PlayStation 5,Gaming,Game Console,Nintendo,15613300,18155000,14,302,4.1,1103,2319,220842,11404,1485,0.012,15,6,1,Gold,1089,29.2,30.1,138
10933,Bosch Standard,Home Appliances,Vacuum Cleaner,Bosch,112568940,113706000,1,294,4.2,1902,2272,378685,16984,8422,0.051,7,2,1,Gray,4874,33.4,39.5,74
10934,Xiaomi 16,Mobile,Smartphone,Xiaomi,64910380,79159000,18,1079,3.4,4318,7384,909177,57812,15159,0.064,17,2,1,Gray,249,66.2,64.5,387
10935,Huawei Advanced,Mobile,Smartwatch,Huawei,54137700,60153000,10,328,4.1,6978,13647,1381395,37185,44625,0.031,19,4,1,Gray,1464,72.4,78.9,842
10936,Puma 574,Fashion,Sneakers,Puma,2887530,3319000,13,86,4.2,3126,1970,396238,11434,4481,0.108,6,2,0,White,2404,36.8,37.4,28
10937,Adidas Premium,Fashion,Jacket,Adidas,1127980,1151000,2,189,5,9130,6498,836219,50626,5721,0.078,3,4,1,Black,203,65.3,71.9,146
10938,Philips Standard,Home Appliances,Vacuum Cleaner,Philips,89334840,91158000,2,2,4.3,1676,2385,336719,13637,2707,0.094,2,4,0,Gray,3829,31.0,31.6,87
10939,New Balance 574,Fashion,Sneakers,New Balance,14463820,14759000,2,69,4.4,6729,3096,590597,9194,14785,0.05,14,1,1,Green,1251,43.9,58.9,98
10940,Nike Suede,Fashion,Sneakers,Nike,4007640,5138000,22,294,4.7,4563,8322,913333,60853,27436,0.067,4,6,1,Gray,3850,74.4,77.9,467
10941,Apple Advanced,Mobile,Tablet,Apple,45387720,46314000,2,2,4.6,957,445,94877,3893,3324,0.021,3,7,1,Silver,1462,17.2,22.4,27
10942,Nintendo DualSense,Gaming,Game Controller,Nintendo,68638220,70039000,2,130,3.6,3075,3329,563938,32680,18533,0.033,15,5,1,Black,1405,40.6,48.1,152
10943,AOC AGON 2,Digital Products,Monitor,AOC,15365600,19207000,20,232,4.4,3291,4663,363216,6711,1969,0.023,17,7,1,Red,3996,43.0,36.9,127
10944,OnePlus S24,Mobile,Smartphone,OnePlus,62053200,70515000,12,96,4.7,4792,5223,549639,9753,12150,0.061,10,2,1,Blue,185,43.4,50.0,283
10945,Nikon Premium,Camera,Camera Lens,Nikon,127903720,130514000,2,178,4.1,13858,7695,1839364,109446,71300,0.013,17,3,1,Black,539,64.2,88.5,422
10946,Sony Pro Controller,Gaming,Game Controller,Sony,53586460,64562000,17,1754,4.5,13391,14163,1757133,28331,68827,0.007,2,3,1,Silver,2081,77.7,93.1,731
10947,HarperCollins Plus,Books,Novel,HarperCollins,275040,382000,28,486,4.1,3164,7601,988265,65537,11272,0.021,19,6,1,White,182,79.6,68.2,469
10948,Fujifilm X-T,Camera,Mirrorless Camera,Fujifilm,53769480,61804000,13,515,3.6,2165,3741,429053,25625,12602,0.015,16,4,1,Red,960,44.0,43.4,199
10949,HP MacBook Air 7,Laptop,Ultrabook,HP,72396870,104923000,31,191,4.4,6606,6112,886730,32880,26881,0.068,2,7,1,Gray,1160,69.8,78.3,333
10950,ASUS EliteBook 4,Laptop,Ultrabook,ASUS,83452050,84295000,1,237,3.7,2000,1443,323290,10590,11614,0.027,3,4,1,Black,2832,29.9,34.2,38
10951,OnePlus 13 Pro,Mobile,Smartphone,OnePlus,23622250,38725000,39,45,4.2,964,2546,183157,9668,5016,0.065,19,5,0,Gold,153,43.7,28.7,62
10952,Bosch Advanced,Home Appliances,Refrigerator,Bosch,78842720,89594000,12,55,4.1,2462,3702,569990,37155,17662,0.005,5,7,1,White,3866,51.1,47.9,191
10953,Samsonite Plus,Fashion,Backpack,Samsonite,11488950,11605000,1,581,4.0,17701,10294,1852344,119774,12620,0.047,17,1,1,Silver,3726,73.0,84.2,193
10954,Microsoft PlayStation 5,Gaming,Game Console,Microsoft,31684000,31684000,0,81,3.9,9759,10658,1319826,57368,48093,0.044,13,2,1,Green,4557,66.8,85.8,295
10955,Apple Premium,Mobile,Smartwatch,Apple,24030160,27307000,12,276,4.0,10587,8858,1384140,69604,29540,0.055,1,4,0,White,4963,76.4,83.2,230
10956,Apple WH 16,Digital Products,Headphones,Apple,6682900,9547000,30,862,4.1,4157,6644,504042,20210,13733,0.019,7,6,1,Blue,323,51.2,47.5,425
10957,8BitDo DualSense,Gaming,Game Controller,8BitDo,15333080,15646000,2,610,4.3,17449,13259,1543552,35259,16486,0.048,1,5,1,Gray,1875,71.9,87.5,402
10958,Nike Plus,Fashion,Backpack,Nike,9759420,10494000,7,783,3.7,10359,8554,1596527,35526,50126,0.094,10,1,1,Silver,3530,64.1,84.8,511
10959,DXRacer Plus,Gaming,Gaming Chair,DXRacer,40783820,57442000,29,509,4.7,4263,6661,570877,12295,20323,0.034,17,3,1,Green,3417,52.3,54.2,197
10960,Vintage Standard,Books,Novel,Vintage,3398400,3540000,4,170,3.7,510,964,155039,7283,3851,0.051,6,2,1,Blue,1573,21.7,22.8,21
10961,Lenovo Premium,Mobile,Tablet,Lenovo,10865500,17525000,38,7765,4.7,7500,34254,1989916,127533,36203,0.047,20,6,1,Silver,1814,96.6,83.6,2462
10962,HarperCollins Premium,Books,Novel,HarperCollins,1612620,1734000,7,128,4.1,10384,11950,1638352,51707,22358,0.017,20,7,1,Red,1689,75.9,83.8,892
10963,Samsung Odyssey 2,Digital Products,Monitor,Samsung,58977270,59573000,1,68,5,5609,4881,624383,41301,6329,0.014,10,6,1,Silver,326,55.3,59.1,221
10964,Daikin Plus,Home Appliances,Air Conditioner,Daikin,65313499,93305000,30,1571,4.6,3278,12213,986323,46878,23578,0.009,10,2,1,Gray,2481,88.3,73.4,1197
10965,Corsair BlackWidow 2,Digital Products,Keyboard,Corsair,24428800,38170000,36,34,3.5,2706,10697,895199,59871,21981,0.051,12,4,1,Black,747,78.4,63.9,521
10966,New Balance Suede,Fashion,Sneakers,New Balance,8201620,8369000,2,634,4.7,13657,9343,1603733,88669,62105,0.07,8,7,0,Gold,2160,67.7,88.2,231
10967,Sony Pro,Camera,Camera Lens,Sony,19211540,21586000,11,1358,4.4,7244,7832,1040410,71151,7463,0.021,6,1,1,Red,4832,73.1,70.7,231
10968,Xiaomi A56,Mobile,Smartphone,Xiaomi,32102249,46525000,31,220,4.5,3095,4360,651684,25852,15802,0.071,1,4,1,Green,260,54.8,54.3,475
10969,Oxford Pro,Books,Science Book,Oxford,580160,784000,26,340,5,10008,14211,1321443,76602,23131,0.047,18,5,1,Blue,2930,86.3,89.0,387
10970,Nikon Z,Camera,Mirrorless Camera,Nikon,116089050,150765000,23,803,4.5,14322,14629,1529155,30963,55557,0.006,12,2,1,White,1115,77.1,90.8,626
10971,Bosch Advanced,Home Appliances,Refrigerator,Bosch,50353380,50862000,1,69,5,2601,2984,579925,38142,17348,0.044,1,6,1,Green,3274,49.7,57.3,149
10972,Samsonite Pro,Fashion,Backpack,Samsonite,10295740,11314000,9,195,4.2,2409,9916,1133978,41442,11918,0.105,10,6,1,Silver,1718,73.9,67.5,360
10973,Oxford Pro,Books,Science Book,Oxford,2851859,4321000,34,174,4.9,11931,24560,1887942,32739,57004,0.052,20,2,1,White,4960,96.0,86.3,2457
10974,Sony PlayStation 5,Gaming,Game Console,Sony,25250940,31174000,19,693,4.5,6594,15504,1909890,69594,16251,0.027,18,1,1,Green,2024,81.9,73.6,873
10975,Vintage Plus,Books,Novel,Vintage,1402000,1402000,0,29,4.0,981,3326,474226,19565,6896,0.067,18,6,1,Gray,1661,32.5,42.9,110
10976,Nikon D,Camera,DSLR Camera,Nikon,97473600,135380000,28,5,4.1,2845,10255,856503,32041,11722,0.086,12,2,0,Gray,1087,67.7,62.7,200
10977,Packt Premium,Books,Programming Book,Packt,4079280,4434000,8,132,4.4,3028,6662,693910,25530,9266,0.021,17,6,1,Green,2228,57.3,56.7,279
10978,Apple Plus,Mobile,Smartwatch,Apple,11299680,15694000,28,204,4.3,4179,5682,498065,11392,4848,0.078,15,7,1,Gold,4944,48.9,49.3,385
10979,OnePlus 13 Pro,Mobile,Smartphone,OnePlus,64411000,64411000,0,561,4.6,18370,10244,1810426,76245,27762,0.006,2,3,1,Blue,238,69.5,94.3,394
10980,ASUS EliteBook 10,Laptop,Ultrabook,ASUS,55098960,65594000,16,831,4.2,4569,11554,1110716,70805,38413,0.033,6,7,1,Red,1711,74.3,78.4,263
10981,LG Premium,Home Appliances,Air Conditioner,LG,26874550,28289000,5,134,4.3,5760,8270,887715,44580,27982,0.005,7,3,1,White,3048,65.1,69.9,275
10982,OReilly Premium,Books,Programming Book,OReilly,3075120,4271000,28,65,4.3,4133,4523,663270,22602,13531,0.06,10,1,1,Red,2569,56.2,54.8,373
10983,Canon D,Camera,DSLR Camera,Canon,112283320,130562000,14,407,4.3,7596,5740,670158,12999,18432,0.04,14,6,0,Green,1489,48.5,61.6,427
10984,Nikon Standard,Camera,Camera Lens,Nikon,118300040,128587000,8,22,4.1,86,106,15003,611,480,0.019,16,7,1,White,4490,13.7,20.2,5
10985,Garmin Premium,Mobile,Smartwatch,Garmin,69914690,72077000,3,103,4.4,3609,3126,398232,21274,4955,0.077,10,3,1,Gray,2689,33.8,39.0,135
10986,Adidas Advanced,Fashion,Backpack,Adidas,2919280,3208000,9,2669,4.1,8414,16890,1926621,127769,20385,0.081,5,1,1,Gray,227,82.5,76.7,1033
10987,Bosch Advanced,Home Appliances,Washing Machine,Bosch,27283190,28127000,3,328,4.2,4929,5137,623191,14466,16379,0.048,3,3,1,Red,1089,48.8,52.9,321
10988,Acer ThinkPad 3,Laptop,Laptop,Acer,23860000,23860000,0,776,4.3,10360,12526,1746039,53496,23754,0.036,14,6,1,Gray,1625,73.5,82.8,405
10989,Lenovo Advanced,Mobile,Tablet,Lenovo,70671000,70671000,0,638,4.1,9454,8915,1683789,47301,55421,0.06,17,7,1,Blue,744,70.2,79.5,389
10990,ASUS Odyssey 27,Digital Products,Monitor,ASUS,29421559,43267000,32,2,4.4,9745,10706,992962,34927,10768,0.053,14,7,1,Black,2057,82.4,75.6,740
10991,The North Face Pro,Fashion,Jacket,The North Face,4464840,5132000,13,992,4.1,4410,6253,560996,11638,20973,0.038,19,7,1,Blue,4950,49.8,52.2,452
10992,GoPro Osmo Action,Camera,Action Camera,GoPro,129999240,164556000,21,134,4.7,5658,12981,1388476,83718,44608,0.071,8,5,1,Green,880,79.5,78.1,813
10993,Apple Yoga 24,Laptop,Ultrabook,Apple,50277300,57790000,13,334,4.3,6409,7011,712345,17833,14791,0.035,5,2,1,Blue,3138,53.0,64.8,454
10994,Vintage Premium,Books,Novel,Vintage,508199,726000,30,1118,4.4,11390,13528,1624432,36994,62998,0.02,16,1,1,Blue,602,82.6,83.2,1142
10995,Razer Premium,Gaming,Gaming Chair,Razer,40590900,45101000,10,454,3.5,14095,7258,1206266,44062,37824,0.069,20,3,1,Green,1629,71.0,87.0,561
10996,Packt Premium,Books,Programming Book,Packt,1177000,1177000,0,50,3.8,2954,5995,1139260,72232,22331,0.075,14,3,1,Red,3733,65.7,70.6,172
10997,Puma Advanced,Fashion,Jacket,Puma,8070840,8586000,6,212,4.3,743,2264,361520,6462,8435,0.048,17,7,1,Black,2977,27.6,36.3,59
10998,Nintendo DualSense,Gaming,Game Controller,Nintendo,62046420,72147000,14,416,4.7,11227,11045,991004,15134,32761,0.077,18,4,1,Silver,2657,74.1,90.4,720
10999,Nike Suede,Fashion,Sneakers,Nike,8812160,13769000,36,78,4.7,1975,3387,323215,7929,10635,0.083,18,2,1,Blue,616,41.9,40.7,87
11000,HarperCollins Standard,Books,Novel,HarperCollins,4105220,4189000,2,138,4.1,3072,2813,572468,13399,8246,0.027,17,1,1,Black,3851,36.3,50.8,109
